query,category_type,url
funny Shorts,core,https://www.youtube.com/shorts/apNm0EW5KHc
funny Shorts,core,https://www.youtube.com/shorts/W1FXk632mKE
funny Shorts,core,https://www.youtube.com/shorts/X_Sb47fxIe8
random Shorts,trending,https://www.youtube.com/shorts/8W7RA8Akfxo
funny Shorts,core,https://www.youtube.com/shorts/kKr3dczgIGk
random Shorts,trending,https://www.youtube.com/shorts/qj_fqQDlboQ
funny Shorts,core,https://www.youtube.com/shorts/GfEkUfpK0mU
funny Shorts,core,https://www.youtube.com/shorts/P2fnXovqm0A
funny Shorts,core,https://www.youtube.com/shorts/gpLET-NBHng
funny Shorts,core,https://www.youtube.com/shorts/MrmFlBX3JU8
funny Shorts,core,https://www.youtube.com/shorts/fwdHxCFX3LA
funny Shorts,core,https://www.youtube.com/shorts/FSHKhK16NH4
funny Shorts,core,https://www.youtube.com/shorts/VmDecs5-OYo
funny Shorts,core,https://www.youtube.com/shorts/Ghktq-r-RP0
funny Shorts,core,https://www.youtube.com/shorts/uJ74HtNmZpk
funny Shorts,core,https://www.youtube.com/shorts/N4z5YRdjJQ4
funny Shorts,core,https://www.youtube.com/shorts/MIZGrsT5f1M
funny Shorts,core,https://www.youtube.com/shorts/UPFSxegFpK8
funny Shorts,core,https://www.youtube.com/shorts/apoM0C_rn5E
funny Shorts,core,https://www.youtube.com/shorts/wi9Evz3mjmI
educational Shorts,core,https://www.youtube.com/shorts/6E10ebsKg0M
educational Shorts,core,https://www.youtube.com/shorts/9dMFxnpEkKc
educational Shorts,core,https://www.youtube.com/shorts/V1Ticoqoidc
educational Shorts,core,https://www.youtube.com/shorts/pEj2NWSlup4
educational Shorts,core,https://www.youtube.com/shorts/IqCBuarzb2Y
educational Shorts,core,https://www.youtube.com/shorts/kTMLgaONGHI
educational Shorts,core,https://www.youtube.com/shorts/AZnC2yqGMrU
educational Shorts,core,https://www.youtube.com/shorts/tLZjL-dMH_g
educational Shorts,core,https://www.youtube.com/shorts/sgwcjPc6Niw
educational Shorts,core,https://www.youtube.com/shorts/92pP76JC3bg
educational Shorts,core,https://www.youtube.com/shorts/wC8C5ctUfmU
educational Shorts,core,https://www.youtube.com/shorts/tsYpg7MDnGc
educational Shorts,core,https://www.youtube.com/shorts/amTmnnqQf_E
educational Shorts,core,https://www.youtube.com/shorts/kSBYbyN17qo
educational Shorts,core,https://www.youtube.com/shorts/tk3fCn3bG2E
educational Shorts,core,https://www.youtube.com/shorts/0ls37smQRXc
educational Shorts,core,https://www.youtube.com/shorts/KbQP3IzC_Q4
educational Shorts,core,https://www.youtube.com/shorts/p6ayr6cuLpc
educational Shorts,core,https://www.youtube.com/shorts/Yc0gwTsW_f8
educational Shorts,core,https://www.youtube.com/shorts/Nd_-wruB9yM
recipe Shorts,core,https://www.youtube.com/shorts/zPxQjuFoUBc
recipe Shorts,core,https://www.youtube.com/shorts/3SVi80fjs7U
recipe Shorts,core,https://www.youtube.com/shorts/qgwHxIXuyvQ
recipe Shorts,core,https://www.youtube.com/shorts/6C_xFde9_lc
recipe Shorts,core,https://www.youtube.com/shorts/HduytF6T4e4
recipe Shorts,core,https://www.youtube.com/shorts/xaprz4aPPNc
recipe Shorts,core,https://www.youtube.com/shorts/907vZOyWTo8
recipe Shorts,core,https://www.youtube.com/shorts/U-4MCjHtLIs
recipe Shorts,core,https://www.youtube.com/shorts/TD-c7yRkEWI
recipe Shorts,core,https://www.youtube.com/shorts/YRaQor2ZZ3E
recipe Shorts,core,https://www.youtube.com/shorts/zJ6J0_-FHSY
recipe Shorts,core,https://www.youtube.com/shorts/eFoKUyq8dtM
recipe Shorts,core,https://www.youtube.com/shorts/Xao87NNSfiM
recipe Shorts,core,https://www.youtube.com/shorts/OIwC6Jv55Hk
recipe Shorts,core,https://www.youtube.com/shorts/18gdBoDT0Rk
recipe Shorts,core,https://www.youtube.com/shorts/5oI-qMCZ5dM
recipe Shorts,core,https://www.youtube.com/shorts/uDhhd4tY7KE
recipe Shorts,core,https://www.youtube.com/shorts/qiyzC1LgdzY
recipe Shorts,core,https://www.youtube.com/shorts/VJc9rat9ijg
recipe Shorts,core,https://www.youtube.com/shorts/HhHkKyu2xwQ
random Shorts,trending,https://www.youtube.com/shorts/prCIcoD-HN8
music Shorts,core,https://www.youtube.com/shorts/eVV7MiKca18
music Shorts,core,https://www.youtube.com/shorts/nh__MlfLSzo
music Shorts,core,https://www.youtube.com/shorts/s-aCf_5aKds
music Shorts,core,https://www.youtube.com/shorts/A8Um5kv0sg8
music Shorts,core,https://www.youtube.com/shorts/6FljrpJG3pg
music Shorts,core,https://www.youtube.com/shorts/DhN4B8J3HzA
music Shorts,core,https://www.youtube.com/shorts/lxPAIaTR9TI
music Shorts,core,https://www.youtube.com/shorts/zyayZuQ1iag
music Shorts,core,https://www.youtube.com/shorts/EfM2eThKAmo
music Shorts,core,https://www.youtube.com/shorts/TVplpRDAc1E
music Shorts,core,https://www.youtube.com/shorts/DZpSvIkDH-c
music Shorts,core,https://www.youtube.com/shorts/N9Y1rcrDrH4
music Shorts,core,https://www.youtube.com/shorts/st3jg_1z0f8
music Shorts,core,https://www.youtube.com/shorts/0-fTAqYCiPc
music Shorts,core,https://www.youtube.com/shorts/b_mwMikG_IQ
music Shorts,core,https://www.youtube.com/shorts/9mlO9i7b0Q8
music Shorts,core,https://www.youtube.com/shorts/iZUlNsDbbkU
music Shorts,core,https://www.youtube.com/shorts/v67Eifvn-sg
music Shorts,core,https://www.youtube.com/shorts/yFWXGp6DXdg
fashion Shorts,core,https://www.youtube.com/shorts/OCS5WrOPaC0
fashion Shorts,core,https://www.youtube.com/shorts/_ugoxztLc5Q
fashion Shorts,core,https://www.youtube.com/shorts/us1_764MCOc
fashion Shorts,core,https://www.youtube.com/shorts/ibw-aelvR3g
fashion Shorts,core,https://www.youtube.com/shorts/RSgGbOYnA_s
fashion Shorts,core,https://www.youtube.com/shorts/nwsL8PpqBqY
fashion Shorts,core,https://www.youtube.com/shorts/HhgxUnlhG4M
fashion Shorts,core,https://www.youtube.com/shorts/YTu7ReQ9TT8
fashion Shorts,core,https://www.youtube.com/shorts/jQy39x0l0PE
fashion Shorts,core,https://www.youtube.com/shorts/ztZYxWfsn4E
fashion Shorts,core,https://www.youtube.com/shorts/DBsZMP5g7Ks
fashion Shorts,core,https://www.youtube.com/shorts/rsIFfHWMjjo
fashion Shorts,core,https://www.youtube.com/shorts/TjhqoJ6LW7M
fashion Shorts,core,https://www.youtube.com/shorts/YZEJwHMI23M
fashion Shorts,core,https://www.youtube.com/shorts/BDuM5e5A6g8
fashion Shorts,core,https://www.youtube.com/shorts/-1_XnSYvKPY
fashion Shorts,core,https://www.youtube.com/shorts/nbqSQOkpc00
fashion Shorts,core,https://www.youtube.com/shorts/eFV8L2dFeRw
fashion Shorts,core,https://www.youtube.com/shorts/6Jpoz_bLrWs
fashion Shorts,core,https://www.youtube.com/shorts/jVBByRD9omY
sports Shorts,core,https://www.youtube.com/shorts/BNQuL1XKf4E
sports Shorts,core,https://www.youtube.com/shorts/Zjz_G84TxJM
sports Shorts,core,https://www.youtube.com/shorts/0tBQCfPyyNg
random Shorts,trending,https://www.youtube.com/shorts/cPpMQA3eUwY
sports Shorts,core,https://www.youtube.com/shorts/52iN7no-qpE
sports Shorts,core,https://www.youtube.com/shorts/B26vV52r5-o
sports Shorts,core,https://www.youtube.com/shorts/O5BC-YOwzig
sports Shorts,core,https://www.youtube.com/shorts/8dQ3Kf5u2ys
sports Shorts,core,https://www.youtube.com/shorts/bmAUr22ap8c
sports Shorts,core,https://www.youtube.com/shorts/cyNZ7STZWEc
sports Shorts,core,https://www.youtube.com/shorts/56aBaVPKZjU
sports Shorts,core,https://www.youtube.com/shorts/vBGd4COy8BY
sports Shorts,core,https://www.youtube.com/shorts/t45cetC6j7o
sports Shorts,core,https://www.youtube.com/shorts/EJrSji2JoGY
sports Shorts,core,https://www.youtube.com/shorts/0m4OsfAHYWY
sports Shorts,core,https://www.youtube.com/shorts/HrzlRIRDDgU
sports Shorts,core,https://www.youtube.com/shorts/hIsYsd4yX7o
sports Shorts,core,https://www.youtube.com/shorts/VdJIKcde28M
sports Shorts,core,https://www.youtube.com/shorts/u28UcHkJprc
sports Shorts,core,https://www.youtube.com/shorts/O2HfUb9dyps
motivational Shorts,core,https://www.youtube.com/shorts/kjsqQPMTbd4
motivational Shorts,core,https://www.youtube.com/shorts/rqhip-F4i9c
motivational Shorts,core,https://www.youtube.com/shorts/BsblgcBB17A
motivational Shorts,core,https://www.youtube.com/shorts/5f7E4DQG6kk
motivational Shorts,core,https://www.youtube.com/shorts/Q0BOH_s9gSU
motivational Shorts,core,https://www.youtube.com/shorts/7fLqPBK_Z9o
motivational Shorts,core,https://www.youtube.com/shorts/toamvmz7Vcw
motivational Shorts,core,https://www.youtube.com/shorts/8OLAi6Eba98
motivational Shorts,core,https://www.youtube.com/shorts/2liO8zHVGBs
motivational Shorts,core,https://www.youtube.com/shorts/uwitWUcnC7U
motivational Shorts,core,https://www.youtube.com/shorts/GTw7wk-4ai4
motivational Shorts,core,https://www.youtube.com/shorts/PZcPRNpqNQA
motivational Shorts,core,https://www.youtube.com/shorts/9zQUHqpVo4g
motivational Shorts,core,https://www.youtube.com/shorts/GHGcF30-j_E
motivational Shorts,core,https://www.youtube.com/shorts/GGl_FyxK8qE
motivational Shorts,core,https://www.youtube.com/shorts/RtWe9XmzVOQ
motivational Shorts,core,https://www.youtube.com/shorts/Fwjg_iAuxr4
motivational Shorts,core,https://www.youtube.com/shorts/gzLdmectOaM
motivational Shorts,core,https://www.youtube.com/shorts/ngLglRVaa4w
motivational Shorts,core,https://www.youtube.com/shorts/IOItjGrCPFY
gaming Shorts,core,https://www.youtube.com/shorts/t5r0VgFhp0M
gaming Shorts,core,https://www.youtube.com/shorts/mjaNqXqk-6c
gaming Shorts,core,https://www.youtube.com/shorts/y6xUDVmtS8E
gaming Shorts,core,https://www.youtube.com/shorts/hZWNRBEdVpQ
gaming Shorts,core,https://www.youtube.com/shorts/yyVEGP-7omI
gaming Shorts,core,https://www.youtube.com/shorts/6-nDx3AVCDQ
gaming Shorts,core,https://www.youtube.com/shorts/yYhVn0vcCU0
gaming Shorts,core,https://www.youtube.com/shorts/2-67twDuY-Q
gaming Shorts,core,https://www.youtube.com/shorts/_c5nTXIlZ6g
gaming Shorts,core,https://www.youtube.com/shorts/OHj3VqTQgPU
gaming Shorts,core,https://www.youtube.com/shorts/MxSog0rv5Lg
gaming Shorts,core,https://www.youtube.com/shorts/tDc8dnyw7B4
gaming Shorts,core,https://www.youtube.com/shorts/z4xAwyOYIdM
gaming Shorts,core,https://www.youtube.com/shorts/gDtQ-To3iSU
gaming Shorts,core,https://www.youtube.com/shorts/TS_43nX1wnI
gaming Shorts,core,https://www.youtube.com/shorts/ji-Gzj-8jJM
gaming Shorts,core,https://www.youtube.com/shorts/CZql2y0P29Q
gaming Shorts,core,https://www.youtube.com/shorts/mrIgfglbsAc
gaming Shorts,core,https://www.youtube.com/shorts/eAwebGPfme8
gaming Shorts,core,https://www.youtube.com/shorts/34c8PqXh3tA
travel Shorts,core,https://www.youtube.com/shorts/dLZf4wVY5SA
travel Shorts,core,https://www.youtube.com/shorts/K7pnnYnT3CM
travel Shorts,core,https://www.youtube.com/shorts/mkfSZDwAaf8
travel Shorts,core,https://www.youtube.com/shorts/oDihnbzhRVc
travel Shorts,core,https://www.youtube.com/shorts/HZY3Mx87zCY
travel Shorts,core,https://www.youtube.com/shorts/ivijUqcl9KM
travel Shorts,core,https://www.youtube.com/shorts/DQYc93f7FJw
travel Shorts,core,https://www.youtube.com/shorts/UceymAMsACo
travel Shorts,core,https://www.youtube.com/shorts/5HQjR7QkU84
travel Shorts,core,https://www.youtube.com/shorts/CcOFCg6rQtY
travel Shorts,core,https://www.youtube.com/shorts/JogfIoXd2Gw
travel Shorts,core,https://www.youtube.com/shorts/qU6bxRPltkk
travel Shorts,core,https://www.youtube.com/shorts/KRsMHsJWNrk
travel Shorts,core,https://www.youtube.com/shorts/DFKt4MPhLK4
travel Shorts,core,https://www.youtube.com/shorts/PkaVuvQ6xPs
travel Shorts,core,https://www.youtube.com/shorts/1agDds-tOvA
travel Shorts,core,https://www.youtube.com/shorts/B9gx7DuyxJk
travel Shorts,core,https://www.youtube.com/shorts/4fhsv8Sv9gU
travel Shorts,core,https://www.youtube.com/shorts/zsYDWBsLukQ
travel Shorts,core,https://www.youtube.com/shorts/fNsO9q6f5OE
tech Shorts,core,https://www.youtube.com/shorts/vW2K0L-vUgw
tech Shorts,core,https://www.youtube.com/shorts/iuLgq7bf6QY
tech Shorts,core,https://www.youtube.com/shorts/r3lDJU7KTms
tech Shorts,core,https://www.youtube.com/shorts/O_1RL-0klZw
tech Shorts,core,https://www.youtube.com/shorts/PpOLOiTTXUc
tech Shorts,core,https://www.youtube.com/shorts/86WokI3asU0
tech Shorts,core,https://www.youtube.com/shorts/JczfneTahM8
tech Shorts,core,https://www.youtube.com/shorts/ZjxiNW-6aPU
tech Shorts,core,https://www.youtube.com/shorts/Lxcu84tTJOA
tech Shorts,core,https://www.youtube.com/shorts/D2ntrPu4hVE
tech Shorts,core,https://www.youtube.com/shorts/rsvxmD7eO4s
tech Shorts,core,https://www.youtube.com/shorts/7mZSbd-E69o
tech Shorts,core,https://www.youtube.com/shorts/kWqr-IDPcRw
tech Shorts,core,https://www.youtube.com/shorts/k8RnYF5yqvw
tech Shorts,core,https://www.youtube.com/shorts/47gDOw_PNrw
tech Shorts,core,https://www.youtube.com/shorts/mHxTMLlYP60
tech Shorts,core,https://www.youtube.com/shorts/BXva2wqE2Ao
tech Shorts,core,https://www.youtube.com/shorts/KOmCrzzqT_o
tech Shorts,core,https://www.youtube.com/shorts/jAiki0GOrFA
tech Shorts,core,https://www.youtube.com/shorts/HXmczdiS8m4
viral Shorts,trending,https://www.youtube.com/shorts/9JsL7wexSgI
viral Shorts,trending,https://www.youtube.com/shorts/HiDGfFOzfnk
viral Shorts,trending,https://www.youtube.com/shorts/CQY32DKYaUo
viral Shorts,trending,https://www.youtube.com/shorts/lvdw1JLwhQA
viral Shorts,trending,https://www.youtube.com/shorts/UXagD-Jir8s
viral Shorts,trending,https://www.youtube.com/shorts/BCz2tp8AI0c
viral Shorts,trending,https://www.youtube.com/shorts/lrBFiM8n96E
viral Shorts,trending,https://www.youtube.com/shorts/hd2hiquQZVw
random Shorts,trending,https://www.youtube.com/shorts/zwMEhBq4kYM
viral Shorts,trending,https://www.youtube.com/shorts/hx265ujsLVU
viral Shorts,trending,https://www.youtube.com/shorts/x3PYjwvntf0
viral Shorts,trending,https://www.youtube.com/shorts/HAHQrfXWFV8
viral Shorts,trending,https://www.youtube.com/shorts/F7gi1J3Tcnk
viral Shorts,trending,https://www.youtube.com/shorts/uzYcb3bG2CE
viral Shorts,trending,https://www.youtube.com/shorts/qP08DqrxwzA
viral Shorts,trending,https://www.youtube.com/shorts/Pts30_DGaxw
viral Shorts,trending,https://www.youtube.com/shorts/in0HjvNwALc
viral Shorts,trending,https://www.youtube.com/shorts/xNOLwlt8kaM
viral Shorts,trending,https://www.youtube.com/shorts/3kwKup4DtgY
viral Shorts,trending,https://www.youtube.com/shorts/96DmtEn4vco
trending Shorts,trending,https://www.youtube.com/shorts/8_yvQW1pZk0
trending Shorts,trending,https://www.youtube.com/shorts/XyH_GWoPrNs
trending Shorts,trending,https://www.youtube.com/shorts/hwYOe5nU5d4
trending Shorts,trending,https://www.youtube.com/shorts/gEhLhJyO5_E
trending Shorts,trending,https://www.youtube.com/shorts/DnixxnI1UZQ
trending Shorts,trending,https://www.youtube.com/shorts/SeC10P7dslw
trending Shorts,trending,https://www.youtube.com/shorts/X5wr7hZQjRo
trending Shorts,trending,https://www.youtube.com/shorts/2sokLXhqRFQ
trending Shorts,trending,https://www.youtube.com/shorts/EchKougFAf8
trending Shorts,trending,https://www.youtube.com/shorts/O65Bh9e4iPw
trending Shorts,trending,https://www.youtube.com/shorts/9vYywHKZ0Tc
trending Shorts,trending,https://www.youtube.com/shorts/kjKPMtHX9y0
trending Shorts,trending,https://www.youtube.com/shorts/BDaiGLv6dwo
trending Shorts,trending,https://www.youtube.com/shorts/2aZhRzLIgLI
trending Shorts,trending,https://www.youtube.com/shorts/FpKU39PxhYA
trending Shorts,trending,https://www.youtube.com/shorts/k67TwilE96c
trending Shorts,trending,https://www.youtube.com/shorts/-wG06YFmkcQ
trending Shorts,trending,https://www.youtube.com/shorts/Rz_mz4j7REY
trending Shorts,trending,https://www.youtube.com/shorts/aj-MGljSVGY
trending Shorts,trending,https://www.youtube.com/shorts/J94eErbvPmQ
ai Shorts,trending,https://www.youtube.com/shorts/xJLnWn7hge8
ai Shorts,trending,https://www.youtube.com/shorts/FwxFNc9E-gs
ai Shorts,trending,https://www.youtube.com/shorts/iooqpVw69TM
ai Shorts,trending,https://www.youtube.com/shorts/OAq0XDhFDbU
ai Shorts,trending,https://www.youtube.com/shorts/YW6G-bJz4pI
ai Shorts,trending,https://www.youtube.com/shorts/E4sxmoEYhqg
ai Shorts,trending,https://www.youtube.com/shorts/yNAqHHrPmhg
ai Shorts,trending,https://www.youtube.com/shorts/Tg7q8NNOVZo
ai Shorts,trending,https://www.youtube.com/shorts/EZYNKvMjr5A
ai Shorts,trending,https://www.youtube.com/shorts/pcOmdeQ9vjk
ai Shorts,trending,https://www.youtube.com/shorts/el_wBe0d69w
ai Shorts,trending,https://www.youtube.com/shorts/ENpKToWfYKM
ai Shorts,trending,https://www.youtube.com/shorts/oDTWnzFM-bw
ai Shorts,trending,https://www.youtube.com/shorts/7yDbD1QSwzE
ai Shorts,trending,https://www.youtube.com/shorts/RM9-6FfZdgg
ai Shorts,trending,https://www.youtube.com/shorts/ALCo3wEb-J0
ai Shorts,trending,https://www.youtube.com/shorts/W-d2A4sAM3M
ai Shorts,trending,https://www.youtube.com/shorts/9oJmWVovVLk
ai Shorts,trending,https://www.youtube.com/shorts/Ntsxp0r5hjU
ai Shorts,trending,https://www.youtube.com/shorts/dH4gxobvr9I
reaction Shorts,trending,https://www.youtube.com/shorts/-BCMiL1xRME
reaction Shorts,trending,https://www.youtube.com/shorts/Ych62zpCu90
reaction Shorts,trending,https://www.youtube.com/shorts/lnOcIPPXkZk
reaction Shorts,trending,https://www.youtube.com/shorts/kegGG_JWCns
reaction Shorts,trending,https://www.youtube.com/shorts/itl1Lf4hq7c
reaction Shorts,trending,https://www.youtube.com/shorts/tcTI0QyRMBI
reaction Shorts,trending,https://www.youtube.com/shorts/gz-d1c4jdn0
reaction Shorts,trending,https://www.youtube.com/shorts/KwS8_UsZdIM
reaction Shorts,trending,https://www.youtube.com/shorts/T2j00n58k4M
reaction Shorts,trending,https://www.youtube.com/shorts/R0x0miEoYJ0
reaction Shorts,trending,https://www.youtube.com/shorts/26QLCJa3LHg
reaction Shorts,trending,https://www.youtube.com/shorts/77DnpncfdDY
reaction Shorts,trending,https://www.youtube.com/shorts/Q3jGjZNey8k
reaction Shorts,trending,https://www.youtube.com/shorts/Xl3xOzESUXw
reaction Shorts,trending,https://www.youtube.com/shorts/tNh2tSeWoz8
reaction Shorts,trending,https://www.youtube.com/shorts/CfmW7zHCmqY
reaction Shorts,trending,https://www.youtube.com/shorts/yGHgrl-hApw
reaction Shorts,trending,https://www.youtube.com/shorts/Xt03FqfGYDk
reaction Shorts,trending,https://www.youtube.com/shorts/xovNV7YivpI
reaction Shorts,trending,https://www.youtube.com/shorts/x47NPUc2src
storytime Shorts,trending,https://www.youtube.com/shorts/tTdy8OFC5oc
storytime Shorts,trending,https://www.youtube.com/shorts/B-mpwKHVenM
storytime Shorts,trending,https://www.youtube.com/shorts/PUII4n-hRas
storytime Shorts,trending,https://www.youtube.com/shorts/DIYVY922Y0o
storytime Shorts,trending,https://www.youtube.com/shorts/lUY95VRzb-w
storytime Shorts,trending,https://www.youtube.com/shorts/mm5Atx38z8I
storytime Shorts,trending,https://www.youtube.com/shorts/y8RByhqeJcM
storytime Shorts,trending,https://www.youtube.com/shorts/2Ppd7CimCP4
storytime Shorts,trending,https://www.youtube.com/shorts/ueBR86_Q_00
storytime Shorts,trending,https://www.youtube.com/shorts/GHl1yTNrRxY
storytime Shorts,trending,https://www.youtube.com/shorts/18izpsejn5M
storytime Shorts,trending,https://www.youtube.com/shorts/1eePmsWd-ew
storytime Shorts,trending,https://www.youtube.com/shorts/2mcfXHDM_Bo
storytime Shorts,trending,https://www.youtube.com/shorts/1LoMI29PMgk
storytime Shorts,trending,https://www.youtube.com/shorts/CTZ0A1Xns18
storytime Shorts,trending,https://www.youtube.com/shorts/TFdGaOhhN3Y
storytime Shorts,trending,https://www.youtube.com/shorts/KoDvMZc2sWE
storytime Shorts,trending,https://www.youtube.com/shorts/jvWTDv0kGT0
storytime Shorts,trending,https://www.youtube.com/shorts/3PFkt9k9-JE
storytime Shorts,trending,https://www.youtube.com/shorts/UrM6vz0AXl4
remix Shorts,trending,https://www.youtube.com/shorts/kS3350cli2w
remix Shorts,trending,https://www.youtube.com/shorts/qciWfVN-Cvo
remix Shorts,trending,https://www.youtube.com/shorts/jKEKuLwOO0Q
remix Shorts,trending,https://www.youtube.com/shorts/LhgOv34C6ZI
remix Shorts,trending,https://www.youtube.com/shorts/cgRA-Ub0q6g
remix Shorts,trending,https://www.youtube.com/shorts/UvgfeWygsCU
remix Shorts,trending,https://www.youtube.com/shorts/DVVjXYessDQ
remix Shorts,trending,https://www.youtube.com/shorts/FRCcfGJpmXA
remix Shorts,trending,https://www.youtube.com/shorts/QGhyVqC1sWA
remix Shorts,trending,https://www.youtube.com/shorts/xA6aNO3d27w
remix Shorts,trending,https://www.youtube.com/shorts/jY3lrs1dgnI
remix Shorts,trending,https://www.youtube.com/shorts/D8l6b1mFB3c
remix Shorts,trending,https://www.youtube.com/shorts/MFqIZ0eL75w
remix Shorts,trending,https://www.youtube.com/shorts/KMxVdXhuDyU
remix Shorts,trending,https://www.youtube.com/shorts/tXVIW_yTc6E
remix Shorts,trending,https://www.youtube.com/shorts/G48eYqaxesk
remix Shorts,trending,https://www.youtube.com/shorts/-JSCGmmtYm0
remix Shorts,trending,https://www.youtube.com/shorts/8WGq-dRMKSA
remix Shorts,trending,https://www.youtube.com/shorts/yKZdjId2C5c
remix Shorts,trending,https://www.youtube.com/shorts/n8wyHXAT34g
random Shorts,trending,https://www.youtube.com/shorts/sxmTTS4qros
meme Shorts,trending,https://www.youtube.com/shorts/X62CbDKT2Vs
meme Shorts,trending,https://www.youtube.com/shorts/iYXT1h0mYlM
meme Shorts,trending,https://www.youtube.com/shorts/U3Fi83bwMqQ
meme Shorts,trending,https://www.youtube.com/shorts/kgU2-KfUIrE
meme Shorts,trending,https://www.youtube.com/shorts/R9VvNR2QwlQ
meme Shorts,trending,https://www.youtube.com/shorts/PG7aScOT3TQ
meme Shorts,trending,https://www.youtube.com/shorts/0ZzMS-PNKIs
meme Shorts,trending,https://www.youtube.com/shorts/yRrXSP78z8o
meme Shorts,trending,https://www.youtube.com/shorts/KmgGlg5ys54
meme Shorts,trending,https://www.youtube.com/shorts/X2cEvpFoaKQ
meme Shorts,trending,https://www.youtube.com/shorts/uMiF3zNpDqI
meme Shorts,trending,https://www.youtube.com/shorts/_NE38Rj5KXY
meme Shorts,trending,https://www.youtube.com/shorts/4Hr7yGcPNxQ
meme Shorts,trending,https://www.youtube.com/shorts/7VXuXDYSXpM
meme Shorts,trending,https://www.youtube.com/shorts/EJl55yICB-k
meme Shorts,trending,https://www.youtube.com/shorts/252Tkj9S_h4
meme Shorts,trending,https://www.youtube.com/shorts/Tjrho4MWuTM
meme Shorts,trending,https://www.youtube.com/shorts/ipxkqTZj6P8
challenge Shorts,trending,https://www.youtube.com/shorts/wl6EzRDu0yM
challenge Shorts,trending,https://www.youtube.com/shorts/X2uSaUrTsfA
challenge Shorts,trending,https://www.youtube.com/shorts/vXUZpRRrIBU
challenge Shorts,trending,https://www.youtube.com/shorts/4_3E4fSKFo0
challenge Shorts,trending,https://www.youtube.com/shorts/IQ7BpLl81u8
random Shorts,trending,https://www.youtube.com/shorts/A4T6bI5w8N4
challenge Shorts,trending,https://www.youtube.com/shorts/6H4LlnrGy5Q
challenge Shorts,trending,https://www.youtube.com/shorts/BsRS_aI2Tvs
challenge Shorts,trending,https://www.youtube.com/shorts/iHxmH6fgU5w
challenge Shorts,trending,https://www.youtube.com/shorts/XN9UWfzYm64
challenge Shorts,trending,https://www.youtube.com/shorts/dSosUac12ow
challenge Shorts,trending,https://www.youtube.com/shorts/efdzDeUcrFc
challenge Shorts,trending,https://www.youtube.com/shorts/7aTf49gZNfU
challenge Shorts,trending,https://www.youtube.com/shorts/5Ul5w2owi-c
challenge Shorts,trending,https://www.youtube.com/shorts/T4rM-V3VAuc
challenge Shorts,trending,https://www.youtube.com/shorts/kilZ3bM70y8
challenge Shorts,trending,https://www.youtube.com/shorts/7Wfqv7v1NUk
challenge Shorts,trending,https://www.youtube.com/shorts/jTBE4TGKr0I
challenge Shorts,trending,https://www.youtube.com/shorts/cv8B_Zhd1hk
challenge Shorts,trending,https://www.youtube.com/shorts/cLhYKrMhOO0
random Shorts,trending,https://www.youtube.com/shorts/RiOqgmmcSvc
random Shorts,trending,https://www.youtube.com/shorts/oBUdEA_C4DE
random Shorts,trending,https://www.youtube.com/shorts/mzX3DSh-AW4
random Shorts,trending,https://www.youtube.com/shorts/IMK8N1dLW-M
random Shorts,trending,https://www.youtube.com/shorts/pvv5L_B7Abo
random Shorts,trending,https://www.youtube.com/shorts/UE6J-XG6I4M
random Shorts,trending,https://www.youtube.com/shorts/avJE9hN5sy4
random Shorts,trending,https://www.youtube.com/shorts/IQ14AVePD_g
random Shorts,trending,https://www.youtube.com/shorts/WRC6ToIqU-Q
random Shorts,trending,https://www.youtube.com/shorts/lpr7YnEGmvs
random Shorts,trending,https://www.youtube.com/shorts/SpuxFfdyxKc
random Shorts,trending,https://www.youtube.com/shorts/De4sEckr9nc
random Shorts,trending,https://www.youtube.com/shorts/4YIZ6PnEFZA
