video_id,url,query,category_type,file_path,embedding_file,embedding_shape,status,error
0-fTAqYCiPc,https://www.youtube.com/shorts/0-fTAqYCiPc,music Shorts,core,C:\Users\User\Documents\WesternAI\video-virality-predictor\Data\Audio\raw_audio\0-fTAqYCiPc.m4a,embeddings\0-fTAqYCiPc.npy,"(768,)",success,
0ls37smQRXc,https://www.youtube.com/shorts/0ls37smQRXc,educational Shorts,core,C:\Users\User\Documents\WesternAI\video-virality-predictor\Data\Audio\raw_audio\0ls37smQRXc.m4a,embeddings\0ls37smQRXc.npy,"(768,)",success,
18gdBoDT0Rk,https://www.youtube.com/shorts/18gdBoDT0Rk,recipe Shorts,core,C:\Users\User\Documents\WesternAI\video-virality-predictor\Data\Audio\raw_audio\18gdBoDT0Rk.m4a,embeddings\18gdBoDT0Rk.npy,"(768,)",success,
3SVi80fjs7U,https://www.youtube.com/shorts/3SVi80fjs7U,recipe Shorts,core,C:\Users\User\Documents\WesternAI\video-virality-predictor\Data\Audio\raw_audio\3SVi80fjs7U.m4a,embeddings\3SVi80fjs7U.npy,"(768,)",success,
5oI-qMCZ5dM,https://www.youtube.com/shorts/5oI-qMCZ5dM,recipe Shorts,core,C:\Users\User\Documents\WesternAI\video-virality-predictor\Data\Audio\raw_audio\5oI-qMCZ5dM.m4a,embeddings\5oI-qMCZ5dM.npy,"(768,)",success,
6C_xFde9_lc,https://www.youtube.com/shorts/6C_xFde9_lc,recipe Shorts,core,C:\Users\User\Documents\WesternAI\video-virality-predictor\Data\Audio\raw_audio\6C_xFde9_lc.m4a,embeddings\6C_xFde9_lc.npy,"(768,)",success,
6E10ebsKg0M,https://www.youtube.com/shorts/6E10ebsKg0M,educational Shorts,core,C:\Users\User\Documents\WesternAI\video-virality-predictor\Data\Audio\raw_audio\6E10ebsKg0M.m4a,embeddings\6E10ebsKg0M.npy,"(768,)",success,
6FljrpJG3pg,https://www.youtube.com/shorts/6FljrpJG3pg,music Shorts,core,C:\Users\User\Documents\WesternAI\video-virality-predictor\Data\Audio\raw_audio\6FljrpJG3pg.m4a,embeddings\6FljrpJG3pg.npy,"(768,)",success,
8W7RA8Akfxo,https://www.youtube.com/shorts/8W7RA8Akfxo,random Shorts,trending,C:\Users\User\Documents\WesternAI\video-virality-predictor\Data\Audio\raw_audio\8W7RA8Akfxo.m4a,embeddings\8W7RA8Akfxo.npy,"(768,)",success,
907vZOyWTo8,https://www.youtube.com/shorts/907vZOyWTo8,recipe Shorts,core,C:\Users\User\Documents\WesternAI\video-virality-predictor\Data\Audio\raw_audio\907vZOyWTo8.m4a,embeddings\907vZOyWTo8.npy,"(768,)",success,
92pP76JC3bg,https://www.youtube.com/shorts/92pP76JC3bg,educational Shorts,core,C:\Users\User\Documents\WesternAI\video-virality-predictor\Data\Audio\raw_audio\92pP76JC3bg.m4a,embeddings\92pP76JC3bg.npy,"(768,)",success,
9dMFxnpEkKc,https://www.youtube.com/shorts/9dMFxnpEkKc,educational Shorts,core,C:\Users\User\Documents\WesternAI\video-virality-predictor\Data\Audio\raw_audio\9dMFxnpEkKc.m4a,embeddings\9dMFxnpEkKc.npy,"(768,)",success,
9mlO9i7b0Q8,https://www.youtube.com/shorts/9mlO9i7b0Q8,music Shorts,core,C:\Users\User\Documents\WesternAI\video-virality-predictor\Data\Audio\raw_audio\9mlO9i7b0Q8.m4a,embeddings\9mlO9i7b0Q8.npy,"(768,)",success,
A8Um5kv0sg8,https://www.youtube.com/shorts/A8Um5kv0sg8,music Shorts,core,C:\Users\User\Documents\WesternAI\video-virality-predictor\Data\Audio\raw_audio\A8Um5kv0sg8.m4a,embeddings\A8Um5kv0sg8.npy,"(768,)",success,
amTmnnqQf_E,https://www.youtube.com/shorts/amTmnnqQf_E,educational Shorts,core,C:\Users\User\Documents\WesternAI\video-virality-predictor\Data\Audio\raw_audio\amTmnnqQf_E.m4a,embeddings\amTmnnqQf_E.npy,"(768,)",success,
apNm0EW5KHc,https://www.youtube.com/shorts/apNm0EW5KHc,funny Shorts,core,C:\Users\User\Documents\WesternAI\video-virality-predictor\Data\Audio\raw_audio\apNm0EW5KHc.m4a,embeddings\apNm0EW5KHc.npy,"(768,)",success,
apoM0C_rn5E,https://www.youtube.com/shorts/apoM0C_rn5E,funny Shorts,core,C:\Users\User\Documents\WesternAI\video-virality-predictor\Data\Audio\raw_audio\apoM0C_rn5E.m4a,embeddings\apoM0C_rn5E.npy,"(768,)",success,
AZnC2yqGMrU,https://www.youtube.com/shorts/AZnC2yqGMrU,educational Shorts,core,C:\Users\User\Documents\WesternAI\video-virality-predictor\Data\Audio\raw_audio\AZnC2yqGMrU.m4a,embeddings\AZnC2yqGMrU.npy,"(768,)",success,
b_mwMikG_IQ,https://www.youtube.com/shorts/b_mwMikG_IQ,music Shorts,core,C:\Users\User\Documents\WesternAI\video-virality-predictor\Data\Audio\raw_audio\b_mwMikG_IQ.m4a,embeddings\b_mwMikG_IQ.npy,"(768,)",success,
DhN4B8J3HzA,https://www.youtube.com/shorts/DhN4B8J3HzA,music Shorts,core,C:\Users\User\Documents\WesternAI\video-virality-predictor\Data\Audio\raw_audio\DhN4B8J3HzA.m4a,embeddings\DhN4B8J3HzA.npy,"(768,)",success,
DZpSvIkDH-c,https://www.youtube.com/shorts/DZpSvIkDH-c,music Shorts,core,C:\Users\User\Documents\WesternAI\video-virality-predictor\Data\Audio\raw_audio\DZpSvIkDH-c.m4a,embeddings\DZpSvIkDH-c.npy,"(768,)",success,
EfM2eThKAmo,https://www.youtube.com/shorts/EfM2eThKAmo,music Shorts,core,C:\Users\User\Documents\WesternAI\video-virality-predictor\Data\Audio\raw_audio\EfM2eThKAmo.m4a,embeddings\EfM2eThKAmo.npy,"(768,)",success,
eFoKUyq8dtM,https://www.youtube.com/shorts/eFoKUyq8dtM,recipe Shorts,core,C:\Users\User\Documents\WesternAI\video-virality-predictor\Data\Audio\raw_audio\eFoKUyq8dtM.m4a,embeddings\eFoKUyq8dtM.npy,"(768,)",success,
eVV7MiKca18,https://www.youtube.com/shorts/eVV7MiKca18,music Shorts,core,C:\Users\User\Documents\WesternAI\video-virality-predictor\Data\Audio\raw_audio\eVV7MiKca18.m4a,embeddings\eVV7MiKca18.npy,"(768,)",success,
FSHKhK16NH4,https://www.youtube.com/shorts/FSHKhK16NH4,funny Shorts,core,C:\Users\User\Documents\WesternAI\video-virality-predictor\Data\Audio\raw_audio\FSHKhK16NH4.m4a,embeddings\FSHKhK16NH4.npy,"(768,)",success,
fwdHxCFX3LA,https://www.youtube.com/shorts/fwdHxCFX3LA,funny Shorts,core,C:\Users\User\Documents\WesternAI\video-virality-predictor\Data\Audio\raw_audio\fwdHxCFX3LA.m4a,embeddings\fwdHxCFX3LA.npy,"(768,)",success,
Ghktq-r-RP0,https://www.youtube.com/shorts/Ghktq-r-RP0,funny Shorts,core,C:\Users\User\Documents\WesternAI\video-virality-predictor\Data\Audio\raw_audio\Ghktq-r-RP0.m4a,embeddings\Ghktq-r-RP0.npy,"(768,)",success,
gpLET-NBHng,https://www.youtube.com/shorts/gpLET-NBHng,funny Shorts,core,C:\Users\User\Documents\WesternAI\video-virality-predictor\Data\Audio\raw_audio\gpLET-NBHng.m4a,embeddings\gpLET-NBHng.npy,"(768,)",success,
HduytF6T4e4,https://www.youtube.com/shorts/HduytF6T4e4,recipe Shorts,core,C:\Users\User\Documents\WesternAI\video-virality-predictor\Data\Audio\raw_audio\HduytF6T4e4.m4a,embeddings\HduytF6T4e4.npy,"(768,)",success,
HhHkKyu2xwQ,https://www.youtube.com/shorts/HhHkKyu2xwQ,recipe Shorts,core,C:\Users\User\Documents\WesternAI\video-virality-predictor\Data\Audio\raw_audio\HhHkKyu2xwQ.m4a,embeddings\HhHkKyu2xwQ.npy,"(768,)",success,
IqCBuarzb2Y,https://www.youtube.com/shorts/IqCBuarzb2Y,educational Shorts,core,C:\Users\User\Documents\WesternAI\video-virality-predictor\Data\Audio\raw_audio\IqCBuarzb2Y.m4a,embeddings\IqCBuarzb2Y.npy,"(768,)",success,
iZUlNsDbbkU,https://www.youtube.com/shorts/iZUlNsDbbkU,music Shorts,core,C:\Users\User\Documents\WesternAI\video-virality-predictor\Data\Audio\raw_audio\iZUlNsDbbkU.m4a,embeddings\iZUlNsDbbkU.npy,"(768,)",success,
KbQP3IzC_Q4,https://www.youtube.com/shorts/KbQP3IzC_Q4,educational Shorts,core,C:\Users\User\Documents\WesternAI\video-virality-predictor\Data\Audio\raw_audio\KbQP3IzC_Q4.m4a,embeddings\KbQP3IzC_Q4.npy,"(768,)",success,
kKr3dczgIGk,https://www.youtube.com/shorts/kKr3dczgIGk,funny Shorts,core,C:\Users\User\Documents\WesternAI\video-virality-predictor\Data\Audio\raw_audio\kKr3dczgIGk.m4a,embeddings\kKr3dczgIGk.npy,"(768,)",success,
kSBYbyN17qo,https://www.youtube.com/shorts/kSBYbyN17qo,educational Shorts,core,C:\Users\User\Documents\WesternAI\video-virality-predictor\Data\Audio\raw_audio\kSBYbyN17qo.m4a,embeddings\kSBYbyN17qo.npy,"(768,)",success,
kTMLgaONGHI,https://www.youtube.com/shorts/kTMLgaONGHI,educational Shorts,core,C:\Users\User\Documents\WesternAI\video-virality-predictor\Data\Audio\raw_audio\kTMLgaONGHI.m4a,embeddings\kTMLgaONGHI.npy,"(768,)",success,
lxPAIaTR9TI,https://www.youtube.com/shorts/lxPAIaTR9TI,music Shorts,core,C:\Users\User\Documents\WesternAI\video-virality-predictor\Data\Audio\raw_audio\lxPAIaTR9TI.m4a,embeddings\lxPAIaTR9TI.npy,"(768,)",success,
MIZGrsT5f1M,https://www.youtube.com/shorts/MIZGrsT5f1M,funny Shorts,core,C:\Users\User\Documents\WesternAI\video-virality-predictor\Data\Audio\raw_audio\MIZGrsT5f1M.m4a,embeddings\MIZGrsT5f1M.npy,"(768,)",success,
MrmFlBX3JU8,https://www.youtube.com/shorts/MrmFlBX3JU8,funny Shorts,core,C:\Users\User\Documents\WesternAI\video-virality-predictor\Data\Audio\raw_audio\MrmFlBX3JU8.m4a,embeddings\MrmFlBX3JU8.npy,"(768,)",success,
N4z5YRdjJQ4,https://www.youtube.com/shorts/N4z5YRdjJQ4,funny Shorts,core,C:\Users\User\Documents\WesternAI\video-virality-predictor\Data\Audio\raw_audio\N4z5YRdjJQ4.m4a,embeddings\N4z5YRdjJQ4.npy,"(768,)",success,
N9Y1rcrDrH4,https://www.youtube.com/shorts/N9Y1rcrDrH4,music Shorts,core,C:\Users\User\Documents\WesternAI\video-virality-predictor\Data\Audio\raw_audio\N9Y1rcrDrH4.m4a,embeddings\N9Y1rcrDrH4.npy,"(768,)",success,
Nd_-wruB9yM,https://www.youtube.com/shorts/Nd_-wruB9yM,educational Shorts,core,C:\Users\User\Documents\WesternAI\video-virality-predictor\Data\Audio\raw_audio\Nd_-wruB9yM.m4a,embeddings\Nd_-wruB9yM.npy,"(768,)",success,
nh__MlfLSzo,https://www.youtube.com/shorts/nh__MlfLSzo,music Shorts,core,C:\Users\User\Documents\WesternAI\video-virality-predictor\Data\Audio\raw_audio\nh__MlfLSzo.m4a,embeddings\nh__MlfLSzo.npy,"(768,)",success,
OIwC6Jv55Hk,https://www.youtube.com/shorts/OIwC6Jv55Hk,recipe Shorts,core,C:\Users\User\Documents\WesternAI\video-virality-predictor\Data\Audio\raw_audio\OIwC6Jv55Hk.m4a,embeddings\OIwC6Jv55Hk.npy,"(768,)",success,
P2fnXovqm0A,https://www.youtube.com/shorts/P2fnXovqm0A,funny Shorts,core,C:\Users\User\Documents\WesternAI\video-virality-predictor\Data\Audio\raw_audio\P2fnXovqm0A.m4a,embeddings\P2fnXovqm0A.npy,"(768,)",success,
p6ayr6cuLpc,https://www.youtube.com/shorts/p6ayr6cuLpc,educational Shorts,core,C:\Users\User\Documents\WesternAI\video-virality-predictor\Data\Audio\raw_audio\p6ayr6cuLpc.m4a,embeddings\p6ayr6cuLpc.npy,"(768,)",success,
pEj2NWSlup4,https://www.youtube.com/shorts/pEj2NWSlup4,educational Shorts,core,C:\Users\User\Documents\WesternAI\video-virality-predictor\Data\Audio\raw_audio\pEj2NWSlup4.m4a,embeddings\pEj2NWSlup4.npy,"(768,)",success,
prCIcoD-HN8,https://www.youtube.com/shorts/prCIcoD-HN8,random Shorts,trending,C:\Users\User\Documents\WesternAI\video-virality-predictor\Data\Audio\raw_audio\prCIcoD-HN8.m4a,embeddings\prCIcoD-HN8.npy,"(768,)",success,
qgwHxIXuyvQ,https://www.youtube.com/shorts/qgwHxIXuyvQ,recipe Shorts,core,C:\Users\User\Documents\WesternAI\video-virality-predictor\Data\Audio\raw_audio\qgwHxIXuyvQ.m4a,embeddings\qgwHxIXuyvQ.npy,"(768,)",success,
qiyzC1LgdzY,https://www.youtube.com/shorts/qiyzC1LgdzY,recipe Shorts,core,C:\Users\User\Documents\WesternAI\video-virality-predictor\Data\Audio\raw_audio\qiyzC1LgdzY.m4a,embeddings\qiyzC1LgdzY.npy,"(768,)",success,
qj_fqQDlboQ,https://www.youtube.com/shorts/qj_fqQDlboQ,random Shorts,trending,C:\Users\User\Documents\WesternAI\video-virality-predictor\Data\Audio\raw_audio\qj_fqQDlboQ.m4a,embeddings\qj_fqQDlboQ.npy,"(768,)",success,
s-aCf_5aKds,https://www.youtube.com/shorts/s-aCf_5aKds,music Shorts,core,C:\Users\User\Documents\WesternAI\video-virality-predictor\Data\Audio\raw_audio\s-aCf_5aKds.m4a,embeddings\s-aCf_5aKds.npy,"(768,)",success,
sgwcjPc6Niw,https://www.youtube.com/shorts/sgwcjPc6Niw,educational Shorts,core,C:\Users\User\Documents\WesternAI\video-virality-predictor\Data\Audio\raw_audio\sgwcjPc6Niw.m4a,embeddings\sgwcjPc6Niw.npy,"(768,)",success,
st3jg_1z0f8,https://www.youtube.com/shorts/st3jg_1z0f8,music Shorts,core,C:\Users\User\Documents\WesternAI\video-virality-predictor\Data\Audio\raw_audio\st3jg_1z0f8.m4a,embeddings\st3jg_1z0f8.npy,"(768,)",success,
TD-c7yRkEWI,https://www.youtube.com/shorts/TD-c7yRkEWI,recipe Shorts,core,C:\Users\User\Documents\WesternAI\video-virality-predictor\Data\Audio\raw_audio\TD-c7yRkEWI.m4a,embeddings\TD-c7yRkEWI.npy,"(768,)",success,
tk3fCn3bG2E,https://www.youtube.com/shorts/tk3fCn3bG2E,educational Shorts,core,C:\Users\User\Documents\WesternAI\video-virality-predictor\Data\Audio\raw_audio\tk3fCn3bG2E.m4a,embeddings\tk3fCn3bG2E.npy,"(768,)",success,
tLZjL-dMH_g,https://www.youtube.com/shorts/tLZjL-dMH_g,educational Shorts,core,C:\Users\User\Documents\WesternAI\video-virality-predictor\Data\Audio\raw_audio\tLZjL-dMH_g.m4a,embeddings\tLZjL-dMH_g.npy,"(768,)",success,
tsYpg7MDnGc,https://www.youtube.com/shorts/tsYpg7MDnGc,educational Shorts,core,C:\Users\User\Documents\WesternAI\video-virality-predictor\Data\Audio\raw_audio\tsYpg7MDnGc.m4a,embeddings\tsYpg7MDnGc.npy,"(768,)",success,
TVplpRDAc1E,https://www.youtube.com/shorts/TVplpRDAc1E,music Shorts,core,C:\Users\User\Documents\WesternAI\video-virality-predictor\Data\Audio\raw_audio\TVplpRDAc1E.m4a,embeddings\TVplpRDAc1E.npy,"(768,)",success,
U-4MCjHtLIs,https://www.youtube.com/shorts/U-4MCjHtLIs,recipe Shorts,core,C:\Users\User\Documents\WesternAI\video-virality-predictor\Data\Audio\raw_audio\U-4MCjHtLIs.m4a,embeddings\U-4MCjHtLIs.npy,"(768,)",success,
uDhhd4tY7KE,https://www.youtube.com/shorts/uDhhd4tY7KE,recipe Shorts,core,C:\Users\User\Documents\WesternAI\video-virality-predictor\Data\Audio\raw_audio\uDhhd4tY7KE.m4a,embeddings\uDhhd4tY7KE.npy,"(768,)",success,
uJ74HtNmZpk,https://www.youtube.com/shorts/uJ74HtNmZpk,funny Shorts,core,C:\Users\User\Documents\WesternAI\video-virality-predictor\Data\Audio\raw_audio\uJ74HtNmZpk.m4a,embeddings\uJ74HtNmZpk.npy,"(768,)",success,
UPFSxegFpK8,https://www.youtube.com/shorts/UPFSxegFpK8,funny Shorts,core,C:\Users\User\Documents\WesternAI\video-virality-predictor\Data\Audio\raw_audio\UPFSxegFpK8.m4a,embeddings\UPFSxegFpK8.npy,"(768,)",success,
V1Ticoqoidc,https://www.youtube.com/shorts/V1Ticoqoidc,educational Shorts,core,C:\Users\User\Documents\WesternAI\video-virality-predictor\Data\Audio\raw_audio\V1Ticoqoidc.m4a,embeddings\V1Ticoqoidc.npy,"(768,)",success,
v67Eifvn-sg,https://www.youtube.com/shorts/v67Eifvn-sg,music Shorts,core,C:\Users\User\Documents\WesternAI\video-virality-predictor\Data\Audio\raw_audio\v67Eifvn-sg.m4a,embeddings\v67Eifvn-sg.npy,"(768,)",success,
VJc9rat9ijg,https://www.youtube.com/shorts/VJc9rat9ijg,recipe Shorts,core,C:\Users\User\Documents\WesternAI\video-virality-predictor\Data\Audio\raw_audio\VJc9rat9ijg.m4a,embeddings\VJc9rat9ijg.npy,"(768,)",success,
VmDecs5-OYo,https://www.youtube.com/shorts/VmDecs5-OYo,funny Shorts,core,C:\Users\User\Documents\WesternAI\video-virality-predictor\Data\Audio\raw_audio\VmDecs5-OYo.m4a,embeddings\VmDecs5-OYo.npy,"(768,)",success,
W1FXk632mKE,https://www.youtube.com/shorts/W1FXk632mKE,funny Shorts,core,C:\Users\User\Documents\WesternAI\video-virality-predictor\Data\Audio\raw_audio\W1FXk632mKE.m4a,embeddings\W1FXk632mKE.npy,"(768,)",success,
wC8C5ctUfmU,https://www.youtube.com/shorts/wC8C5ctUfmU,educational Shorts,core,C:\Users\User\Documents\WesternAI\video-virality-predictor\Data\Audio\raw_audio\wC8C5ctUfmU.m4a,embeddings\wC8C5ctUfmU.npy,"(768,)",success,
wi9Evz3mjmI,https://www.youtube.com/shorts/wi9Evz3mjmI,funny Shorts,core,C:\Users\User\Documents\WesternAI\video-virality-predictor\Data\Audio\raw_audio\wi9Evz3mjmI.m4a,embeddings\wi9Evz3mjmI.npy,"(768,)",success,
Xao87NNSfiM,https://www.youtube.com/shorts/Xao87NNSfiM,recipe Shorts,core,C:\Users\User\Documents\WesternAI\video-virality-predictor\Data\Audio\raw_audio\Xao87NNSfiM.m4a,embeddings\Xao87NNSfiM.npy,"(768,)",success,
xaprz4aPPNc,https://www.youtube.com/shorts/xaprz4aPPNc,recipe Shorts,core,C:\Users\User\Documents\WesternAI\video-virality-predictor\Data\Audio\raw_audio\xaprz4aPPNc.m4a,embeddings\xaprz4aPPNc.npy,"(768,)",success,
X_Sb47fxIe8,https://www.youtube.com/shorts/X_Sb47fxIe8,funny Shorts,core,C:\Users\User\Documents\WesternAI\video-virality-predictor\Data\Audio\raw_audio\X_Sb47fxIe8.m4a,embeddings\X_Sb47fxIe8.npy,"(768,)",success,
Yc0gwTsW_f8,https://www.youtube.com/shorts/Yc0gwTsW_f8,educational Shorts,core,C:\Users\User\Documents\WesternAI\video-virality-predictor\Data\Audio\raw_audio\Yc0gwTsW_f8.m4a,embeddings\Yc0gwTsW_f8.npy,"(768,)",success,
yFWXGp6DXdg,https://www.youtube.com/shorts/yFWXGp6DXdg,music Shorts,core,C:\Users\User\Documents\WesternAI\video-virality-predictor\Data\Audio\raw_audio\yFWXGp6DXdg.m4a,embeddings\yFWXGp6DXdg.npy,"(768,)",success,
YRaQor2ZZ3E,https://www.youtube.com/shorts/YRaQor2ZZ3E,recipe Shorts,core,C:\Users\User\Documents\WesternAI\video-virality-predictor\Data\Audio\raw_audio\YRaQor2ZZ3E.m4a,embeddings\YRaQor2ZZ3E.npy,"(768,)",success,
zJ6J0_-FHSY,https://www.youtube.com/shorts/zJ6J0_-FHSY,recipe Shorts,core,C:\Users\User\Documents\WesternAI\video-virality-predictor\Data\Audio\raw_audio\zJ6J0_-FHSY.m4a,embeddings\zJ6J0_-FHSY.npy,"(768,)",success,
zPxQjuFoUBc,https://www.youtube.com/shorts/zPxQjuFoUBc,recipe Shorts,core,C:\Users\User\Documents\WesternAI\video-virality-predictor\Data\Audio\raw_audio\zPxQjuFoUBc.m4a,embeddings\zPxQjuFoUBc.npy,"(768,)",success,
zyayZuQ1iag,https://www.youtube.com/shorts/zyayZuQ1iag,music Shorts,core,C:\Users\User\Documents\WesternAI\video-virality-predictor\Data\Audio\raw_audio\zyayZuQ1iag.m4a,embeddings\zyayZuQ1iag.npy,"(768,)",success,
-1_XnSYvKPY,https://www.youtube.com/shorts/-1_XnSYvKPY,fashion Shorts,core,raw_audio\-1_XnSYvKPY.m4a,embeddings\-1_XnSYvKPY.npy,"(768,)",success,
-BCMiL1xRME,https://www.youtube.com/shorts/-BCMiL1xRME,reaction Shorts,trending,raw_audio\-BCMiL1xRME.m4a,embeddings\-BCMiL1xRME.npy,"(768,)",success,
-JSCGmmtYm0,https://www.youtube.com/shorts/-JSCGmmtYm0,remix Shorts,trending,raw_audio\-JSCGmmtYm0.m4a,embeddings\-JSCGmmtYm0.npy,"(768,)",success,
-wG06YFmkcQ,https://www.youtube.com/shorts/-wG06YFmkcQ,trending Shorts,trending,raw_audio\-wG06YFmkcQ.m4a,embeddings\-wG06YFmkcQ.npy,"(768,)",success,
0-fTAqYCiPc copy,,,,raw_audio\0-fTAqYCiPc copy.m4a,embeddings\0-fTAqYCiPc copy.npy,"(768,)",success,
0-fTAqYCiPc,https://www.youtube.com/shorts/0-fTAqYCiPc,music Shorts,core,raw_audio\0-fTAqYCiPc.m4a,embeddings\0-fTAqYCiPc.npy,"(768,)",success,
0ls37smQRXc,https://www.youtube.com/shorts/0ls37smQRXc,educational Shorts,core,raw_audio\0ls37smQRXc.m4a,embeddings\0ls37smQRXc.npy,"(768,)",success,
0m4OsfAHYWY,https://www.youtube.com/shorts/0m4OsfAHYWY,sports Shorts,core,raw_audio\0m4OsfAHYWY.m4a,embeddings\0m4OsfAHYWY.npy,"(768,)",success,
0tBQCfPyyNg,https://www.youtube.com/shorts/0tBQCfPyyNg,sports Shorts,core,raw_audio\0tBQCfPyyNg.m4a,embeddings\0tBQCfPyyNg.npy,"(768,)",success,
0ZzMS-PNKIs,https://www.youtube.com/shorts/0ZzMS-PNKIs,meme Shorts,trending,raw_audio\0ZzMS-PNKIs.m4a,embeddings\0ZzMS-PNKIs.npy,"(768,)",success,
18izpsejn5M,https://www.youtube.com/shorts/18izpsejn5M,storytime Shorts,trending,raw_audio\18izpsejn5M.m4a,embeddings\18izpsejn5M.npy,"(768,)",success,
1agDds-tOvA,https://www.youtube.com/shorts/1agDds-tOvA,travel Shorts,core,raw_audio\1agDds-tOvA.m4a,embeddings\1agDds-tOvA.npy,"(768,)",success,
1eePmsWd-ew,https://www.youtube.com/shorts/1eePmsWd-ew,storytime Shorts,trending,raw_audio\1eePmsWd-ew.m4a,embeddings\1eePmsWd-ew.npy,"(768,)",success,
1LoMI29PMgk,https://www.youtube.com/shorts/1LoMI29PMgk,storytime Shorts,trending,raw_audio\1LoMI29PMgk.m4a,embeddings\1LoMI29PMgk.npy,"(768,)",success,
2-67twDuY-Q,https://www.youtube.com/shorts/2-67twDuY-Q,gaming Shorts,core,raw_audio\2-67twDuY-Q.m4a,embeddings\2-67twDuY-Q.npy,"(768,)",success,
252Tkj9S_h4,https://www.youtube.com/shorts/252Tkj9S_h4,meme Shorts,trending,raw_audio\252Tkj9S_h4.m4a,embeddings\252Tkj9S_h4.npy,"(768,)",success,
26QLCJa3LHg,https://www.youtube.com/shorts/26QLCJa3LHg,reaction Shorts,trending,raw_audio\26QLCJa3LHg.m4a,embeddings\26QLCJa3LHg.npy,"(768,)",success,
2aZhRzLIgLI,https://www.youtube.com/shorts/2aZhRzLIgLI,trending Shorts,trending,raw_audio\2aZhRzLIgLI.m4a,embeddings\2aZhRzLIgLI.npy,"(768,)",success,
2liO8zHVGBs,https://www.youtube.com/shorts/2liO8zHVGBs,motivational Shorts,core,raw_audio\2liO8zHVGBs.m4a,embeddings\2liO8zHVGBs.npy,"(768,)",success,
2sokLXhqRFQ,https://www.youtube.com/shorts/2sokLXhqRFQ,trending Shorts,trending,raw_audio\2sokLXhqRFQ.m4a,embeddings\2sokLXhqRFQ.npy,"(768,)",success,
34c8PqXh3tA,https://www.youtube.com/shorts/34c8PqXh3tA,gaming Shorts,core,raw_audio\34c8PqXh3tA.m4a,embeddings\34c8PqXh3tA.npy,"(768,)",success,
3kwKup4DtgY,https://www.youtube.com/shorts/3kwKup4DtgY,viral Shorts,trending,raw_audio\3kwKup4DtgY.m4a,embeddings\3kwKup4DtgY.npy,"(768,)",success,
3PFkt9k9-JE,https://www.youtube.com/shorts/3PFkt9k9-JE,storytime Shorts,trending,raw_audio\3PFkt9k9-JE.m4a,embeddings\3PFkt9k9-JE.npy,"(768,)",success,
3SVi80fjs7U,https://www.youtube.com/shorts/3SVi80fjs7U,recipe Shorts,core,raw_audio\3SVi80fjs7U.m4a,embeddings\3SVi80fjs7U.npy,"(768,)",success,
4fhsv8Sv9gU,https://www.youtube.com/shorts/4fhsv8Sv9gU,travel Shorts,core,raw_audio\4fhsv8Sv9gU.m4a,embeddings\4fhsv8Sv9gU.npy,"(768,)",success,
4YIZ6PnEFZA,https://www.youtube.com/shorts/4YIZ6PnEFZA,random Shorts,trending,raw_audio\4YIZ6PnEFZA.m4a,embeddings\4YIZ6PnEFZA.npy,"(768,)",success,
4_3E4fSKFo0,https://www.youtube.com/shorts/4_3E4fSKFo0,challenge Shorts,trending,raw_audio\4_3E4fSKFo0.m4a,embeddings\4_3E4fSKFo0.npy,"(768,)",success,
52iN7no-qpE,https://www.youtube.com/shorts/52iN7no-qpE,sports Shorts,core,raw_audio\52iN7no-qpE.m4a,embeddings\52iN7no-qpE.npy,"(768,)",success,
56aBaVPKZjU,https://www.youtube.com/shorts/56aBaVPKZjU,sports Shorts,core,raw_audio\56aBaVPKZjU.m4a,embeddings\56aBaVPKZjU.npy,"(768,)",success,
5f7E4DQG6kk,https://www.youtube.com/shorts/5f7E4DQG6kk,motivational Shorts,core,raw_audio\5f7E4DQG6kk.m4a,embeddings\5f7E4DQG6kk.npy,"(768,)",success,
5HQjR7QkU84,https://www.youtube.com/shorts/5HQjR7QkU84,travel Shorts,core,raw_audio\5HQjR7QkU84.m4a,embeddings\5HQjR7QkU84.npy,"(768,)",success,
5oI-qMCZ5dM,https://www.youtube.com/shorts/5oI-qMCZ5dM,recipe Shorts,core,raw_audio\5oI-qMCZ5dM.m4a,embeddings\5oI-qMCZ5dM.npy,"(768,)",success,
5Ul5w2owi-c,https://www.youtube.com/shorts/5Ul5w2owi-c,challenge Shorts,trending,raw_audio\5Ul5w2owi-c.m4a,embeddings\5Ul5w2owi-c.npy,"(768,)",success,
6-nDx3AVCDQ,https://www.youtube.com/shorts/6-nDx3AVCDQ,gaming Shorts,core,raw_audio\6-nDx3AVCDQ.m4a,embeddings\6-nDx3AVCDQ.npy,"(768,)",success,
6C_xFde9_lc,https://www.youtube.com/shorts/6C_xFde9_lc,recipe Shorts,core,raw_audio\6C_xFde9_lc.m4a,embeddings\6C_xFde9_lc.npy,"(768,)",success,
6H4LlnrGy5Q,https://www.youtube.com/shorts/6H4LlnrGy5Q,challenge Shorts,trending,raw_audio\6H4LlnrGy5Q.m4a,embeddings\6H4LlnrGy5Q.npy,"(768,)",success,
6Jpoz_bLrWs,https://www.youtube.com/shorts/6Jpoz_bLrWs,fashion Shorts,core,raw_audio\6Jpoz_bLrWs.m4a,embeddings\6Jpoz_bLrWs.npy,"(768,)",success,
77DnpncfdDY,https://www.youtube.com/shorts/77DnpncfdDY,reaction Shorts,trending,raw_audio\77DnpncfdDY.m4a,embeddings\77DnpncfdDY.npy,"(768,)",success,
7aTf49gZNfU,https://www.youtube.com/shorts/7aTf49gZNfU,challenge Shorts,trending,raw_audio\7aTf49gZNfU.m4a,embeddings\7aTf49gZNfU.npy,"(768,)",success,
7fLqPBK_Z9o,https://www.youtube.com/shorts/7fLqPBK_Z9o,motivational Shorts,core,raw_audio\7fLqPBK_Z9o.m4a,embeddings\7fLqPBK_Z9o.npy,"(768,)",success,
7mZSbd-E69o,https://www.youtube.com/shorts/7mZSbd-E69o,tech Shorts,core,raw_audio\7mZSbd-E69o.m4a,embeddings\7mZSbd-E69o.npy,"(768,)",success,
7VXuXDYSXpM,https://www.youtube.com/shorts/7VXuXDYSXpM,meme Shorts,trending,raw_audio\7VXuXDYSXpM.m4a,embeddings\7VXuXDYSXpM.npy,"(768,)",success,
7Wfqv7v1NUk,https://www.youtube.com/shorts/7Wfqv7v1NUk,challenge Shorts,trending,raw_audio\7Wfqv7v1NUk.m4a,embeddings\7Wfqv7v1NUk.npy,"(768,)",success,
7yDbD1QSwzE,https://www.youtube.com/shorts/7yDbD1QSwzE,ai Shorts,trending,raw_audio\7yDbD1QSwzE.m4a,embeddings\7yDbD1QSwzE.npy,"(768,)",success,
86WokI3asU0,https://www.youtube.com/shorts/86WokI3asU0,tech Shorts,core,raw_audio\86WokI3asU0.m4a,embeddings\86WokI3asU0.npy,"(768,)",success,
8dQ3Kf5u2ys,https://www.youtube.com/shorts/8dQ3Kf5u2ys,sports Shorts,core,raw_audio\8dQ3Kf5u2ys.m4a,embeddings\8dQ3Kf5u2ys.npy,"(768,)",success,
8OLAi6Eba98,https://www.youtube.com/shorts/8OLAi6Eba98,motivational Shorts,core,raw_audio\8OLAi6Eba98.m4a,embeddings\8OLAi6Eba98.npy,"(768,)",success,
8WGq-dRMKSA,https://www.youtube.com/shorts/8WGq-dRMKSA,remix Shorts,trending,raw_audio\8WGq-dRMKSA.m4a,embeddings\8WGq-dRMKSA.npy,"(768,)",success,
8_yvQW1pZk0,https://www.youtube.com/shorts/8_yvQW1pZk0,trending Shorts,trending,raw_audio\8_yvQW1pZk0.m4a,embeddings\8_yvQW1pZk0.npy,"(768,)",success,
96DmtEn4vco,https://www.youtube.com/shorts/96DmtEn4vco,viral Shorts,trending,raw_audio\96DmtEn4vco.m4a,embeddings\96DmtEn4vco.npy,"(768,)",success,
9JsL7wexSgI,https://www.youtube.com/shorts/9JsL7wexSgI,viral Shorts,trending,raw_audio\9JsL7wexSgI.m4a,embeddings\9JsL7wexSgI.npy,"(768,)",success,
9oJmWVovVLk,https://www.youtube.com/shorts/9oJmWVovVLk,ai Shorts,trending,raw_audio\9oJmWVovVLk.m4a,embeddings\9oJmWVovVLk.npy,"(768,)",success,
9vYywHKZ0Tc,https://www.youtube.com/shorts/9vYywHKZ0Tc,trending Shorts,trending,raw_audio\9vYywHKZ0Tc.m4a,embeddings\9vYywHKZ0Tc.npy,"(768,)",success,
9zQUHqpVo4g,https://www.youtube.com/shorts/9zQUHqpVo4g,motivational Shorts,core,raw_audio\9zQUHqpVo4g.m4a,embeddings\9zQUHqpVo4g.npy,"(768,)",success,
A4T6bI5w8N4,https://www.youtube.com/shorts/A4T6bI5w8N4,random Shorts,trending,raw_audio\A4T6bI5w8N4.m4a,embeddings\A4T6bI5w8N4.npy,"(768,)",success,
aj-MGljSVGY,https://www.youtube.com/shorts/aj-MGljSVGY,trending Shorts,trending,raw_audio\aj-MGljSVGY.m4a,embeddings\aj-MGljSVGY.npy,"(768,)",success,
ALCo3wEb-J0,https://www.youtube.com/shorts/ALCo3wEb-J0,ai Shorts,trending,raw_audio\ALCo3wEb-J0.m4a,embeddings\ALCo3wEb-J0.npy,"(768,)",success,
avJE9hN5sy4,https://www.youtube.com/shorts/avJE9hN5sy4,random Shorts,trending,raw_audio\avJE9hN5sy4.m4a,embeddings\avJE9hN5sy4.npy,"(768,)",success,
B-mpwKHVenM,https://www.youtube.com/shorts/B-mpwKHVenM,storytime Shorts,trending,raw_audio\B-mpwKHVenM.m4a,embeddings\B-mpwKHVenM.npy,"(768,)",success,
B26vV52r5-o,https://www.youtube.com/shorts/B26vV52r5-o,sports Shorts,core,raw_audio\B26vV52r5-o.m4a,embeddings\B26vV52r5-o.npy,"(768,)",success,
B9gx7DuyxJk,https://www.youtube.com/shorts/B9gx7DuyxJk,travel Shorts,core,raw_audio\B9gx7DuyxJk.m4a,embeddings\B9gx7DuyxJk.npy,"(768,)",success,
BCz2tp8AI0c,https://www.youtube.com/shorts/BCz2tp8AI0c,viral Shorts,trending,raw_audio\BCz2tp8AI0c.m4a,embeddings\BCz2tp8AI0c.npy,"(768,)",success,
BDaiGLv6dwo,https://www.youtube.com/shorts/BDaiGLv6dwo,trending Shorts,trending,raw_audio\BDaiGLv6dwo.m4a,embeddings\BDaiGLv6dwo.npy,"(768,)",success,
BDuM5e5A6g8,https://www.youtube.com/shorts/BDuM5e5A6g8,fashion Shorts,core,raw_audio\BDuM5e5A6g8.m4a,embeddings\BDuM5e5A6g8.npy,"(768,)",success,
bmAUr22ap8c,https://www.youtube.com/shorts/bmAUr22ap8c,sports Shorts,core,raw_audio\bmAUr22ap8c.m4a,embeddings\bmAUr22ap8c.npy,"(768,)",success,
BNQuL1XKf4E,https://www.youtube.com/shorts/BNQuL1XKf4E,sports Shorts,core,raw_audio\BNQuL1XKf4E.m4a,embeddings\BNQuL1XKf4E.npy,"(768,)",success,
BsblgcBB17A,https://www.youtube.com/shorts/BsblgcBB17A,motivational Shorts,core,raw_audio\BsblgcBB17A.m4a,embeddings\BsblgcBB17A.npy,"(768,)",success,
BsRS_aI2Tvs,https://www.youtube.com/shorts/BsRS_aI2Tvs,challenge Shorts,trending,raw_audio\BsRS_aI2Tvs.m4a,embeddings\BsRS_aI2Tvs.npy,"(768,)",success,
BXva2wqE2Ao,https://www.youtube.com/shorts/BXva2wqE2Ao,tech Shorts,core,raw_audio\BXva2wqE2Ao.m4a,embeddings\BXva2wqE2Ao.npy,"(768,)",success,
CcOFCg6rQtY,https://www.youtube.com/shorts/CcOFCg6rQtY,travel Shorts,core,raw_audio\CcOFCg6rQtY.m4a,embeddings\CcOFCg6rQtY.npy,"(768,)",success,
CfmW7zHCmqY,https://www.youtube.com/shorts/CfmW7zHCmqY,reaction Shorts,trending,raw_audio\CfmW7zHCmqY.m4a,embeddings\CfmW7zHCmqY.npy,"(768,)",success,
cgRA-Ub0q6g,https://www.youtube.com/shorts/cgRA-Ub0q6g,remix Shorts,trending,raw_audio\cgRA-Ub0q6g.m4a,embeddings\cgRA-Ub0q6g.npy,"(768,)",success,
cLhYKrMhOO0,https://www.youtube.com/shorts/cLhYKrMhOO0,challenge Shorts,trending,raw_audio\cLhYKrMhOO0.m4a,embeddings\cLhYKrMhOO0.npy,"(768,)",success,
cPpMQA3eUwY,https://www.youtube.com/shorts/cPpMQA3eUwY,random Shorts,trending,raw_audio\cPpMQA3eUwY.m4a,embeddings\cPpMQA3eUwY.npy,"(768,)",success,
CQY32DKYaUo,https://www.youtube.com/shorts/CQY32DKYaUo,viral Shorts,trending,raw_audio\CQY32DKYaUo.m4a,embeddings\CQY32DKYaUo.npy,"(768,)",success,
CTZ0A1Xns18,https://www.youtube.com/shorts/CTZ0A1Xns18,storytime Shorts,trending,raw_audio\CTZ0A1Xns18.m4a,embeddings\CTZ0A1Xns18.npy,"(768,)",success,
cv8B_Zhd1hk,https://www.youtube.com/shorts/cv8B_Zhd1hk,challenge Shorts,trending,raw_audio\cv8B_Zhd1hk.m4a,embeddings\cv8B_Zhd1hk.npy,"(768,)",success,
cyNZ7STZWEc,https://www.youtube.com/shorts/cyNZ7STZWEc,sports Shorts,core,raw_audio\cyNZ7STZWEc.m4a,embeddings\cyNZ7STZWEc.npy,"(768,)",success,
CZql2y0P29Q,https://www.youtube.com/shorts/CZql2y0P29Q,gaming Shorts,core,raw_audio\CZql2y0P29Q.m4a,embeddings\CZql2y0P29Q.npy,"(768,)",success,
D2ntrPu4hVE,https://www.youtube.com/shorts/D2ntrPu4hVE,tech Shorts,core,raw_audio\D2ntrPu4hVE.m4a,embeddings\D2ntrPu4hVE.npy,"(768,)",success,
D8l6b1mFB3c,https://www.youtube.com/shorts/D8l6b1mFB3c,remix Shorts,trending,raw_audio\D8l6b1mFB3c.m4a,embeddings\D8l6b1mFB3c.npy,"(768,)",success,
DBsZMP5g7Ks,https://www.youtube.com/shorts/DBsZMP5g7Ks,fashion Shorts,core,raw_audio\DBsZMP5g7Ks.m4a,embeddings\DBsZMP5g7Ks.npy,"(768,)",success,
De4sEckr9nc,https://www.youtube.com/shorts/De4sEckr9nc,random Shorts,trending,raw_audio\De4sEckr9nc.m4a,embeddings\De4sEckr9nc.npy,"(768,)",success,
DFKt4MPhLK4,https://www.youtube.com/shorts/DFKt4MPhLK4,travel Shorts,core,raw_audio\DFKt4MPhLK4.m4a,embeddings\DFKt4MPhLK4.npy,"(768,)",success,
dH4gxobvr9I,https://www.youtube.com/shorts/dH4gxobvr9I,ai Shorts,trending,raw_audio\dH4gxobvr9I.m4a,embeddings\dH4gxobvr9I.npy,"(768,)",success,
DIYVY922Y0o,https://www.youtube.com/shorts/DIYVY922Y0o,storytime Shorts,trending,raw_audio\DIYVY922Y0o.m4a,embeddings\DIYVY922Y0o.npy,"(768,)",success,
dLZf4wVY5SA,https://www.youtube.com/shorts/dLZf4wVY5SA,travel Shorts,core,raw_audio\dLZf4wVY5SA.m4a,embeddings\dLZf4wVY5SA.npy,"(768,)",success,
DnixxnI1UZQ,https://www.youtube.com/shorts/DnixxnI1UZQ,trending Shorts,trending,raw_audio\DnixxnI1UZQ.m4a,embeddings\DnixxnI1UZQ.npy,"(768,)",success,
DQYc93f7FJw,https://www.youtube.com/shorts/DQYc93f7FJw,travel Shorts,core,raw_audio\DQYc93f7FJw.m4a,embeddings\DQYc93f7FJw.npy,"(768,)",success,
dSosUac12ow,https://www.youtube.com/shorts/dSosUac12ow,challenge Shorts,trending,raw_audio\dSosUac12ow.m4a,embeddings\dSosUac12ow.npy,"(768,)",success,
E4sxmoEYhqg,https://www.youtube.com/shorts/E4sxmoEYhqg,ai Shorts,trending,raw_audio\E4sxmoEYhqg.m4a,embeddings\E4sxmoEYhqg.npy,"(768,)",success,
eAwebGPfme8,https://www.youtube.com/shorts/eAwebGPfme8,gaming Shorts,core,raw_audio\eAwebGPfme8.m4a,embeddings\eAwebGPfme8.npy,"(768,)",success,
EchKougFAf8,https://www.youtube.com/shorts/EchKougFAf8,trending Shorts,trending,raw_audio\EchKougFAf8.m4a,embeddings\EchKougFAf8.npy,"(768,)",success,
efdzDeUcrFc,https://www.youtube.com/shorts/efdzDeUcrFc,challenge Shorts,trending,raw_audio\efdzDeUcrFc.m4a,embeddings\efdzDeUcrFc.npy,"(768,)",success,
eFV8L2dFeRw,https://www.youtube.com/shorts/eFV8L2dFeRw,fashion Shorts,core,raw_audio\eFV8L2dFeRw.m4a,embeddings\eFV8L2dFeRw.npy,"(768,)",success,
EJl55yICB-k,https://www.youtube.com/shorts/EJl55yICB-k,meme Shorts,trending,raw_audio\EJl55yICB-k.m4a,embeddings\EJl55yICB-k.npy,"(768,)",success,
EJrSji2JoGY,https://www.youtube.com/shorts/EJrSji2JoGY,sports Shorts,core,raw_audio\EJrSji2JoGY.m4a,embeddings\EJrSji2JoGY.npy,"(768,)",success,
el_wBe0d69w,https://www.youtube.com/shorts/el_wBe0d69w,ai Shorts,trending,raw_audio\el_wBe0d69w.m4a,embeddings\el_wBe0d69w.npy,"(768,)",success,
EZYNKvMjr5A,https://www.youtube.com/shorts/EZYNKvMjr5A,ai Shorts,trending,raw_audio\EZYNKvMjr5A.m4a,embeddings\EZYNKvMjr5A.npy,"(768,)",success,
F7gi1J3Tcnk,https://www.youtube.com/shorts/F7gi1J3Tcnk,viral Shorts,trending,raw_audio\F7gi1J3Tcnk.m4a,embeddings\F7gi1J3Tcnk.npy,"(768,)",success,
fNsO9q6f5OE,https://www.youtube.com/shorts/fNsO9q6f5OE,travel Shorts,core,raw_audio\fNsO9q6f5OE.m4a,embeddings\fNsO9q6f5OE.npy,"(768,)",success,
FpKU39PxhYA,https://www.youtube.com/shorts/FpKU39PxhYA,trending Shorts,trending,raw_audio\FpKU39PxhYA.m4a,embeddings\FpKU39PxhYA.npy,"(768,)",success,
FRCcfGJpmXA,https://www.youtube.com/shorts/FRCcfGJpmXA,remix Shorts,trending,raw_audio\FRCcfGJpmXA.m4a,embeddings\FRCcfGJpmXA.npy,"(768,)",success,
Fwjg_iAuxr4,https://www.youtube.com/shorts/Fwjg_iAuxr4,motivational Shorts,core,raw_audio\Fwjg_iAuxr4.m4a,embeddings\Fwjg_iAuxr4.npy,"(768,)",success,
FwxFNc9E-gs,https://www.youtube.com/shorts/FwxFNc9E-gs,ai Shorts,trending,raw_audio\FwxFNc9E-gs.m4a,embeddings\FwxFNc9E-gs.npy,"(768,)",success,
G48eYqaxesk,https://www.youtube.com/shorts/G48eYqaxesk,remix Shorts,trending,raw_audio\G48eYqaxesk.m4a,embeddings\G48eYqaxesk.npy,"(768,)",success,
gDtQ-To3iSU,https://www.youtube.com/shorts/gDtQ-To3iSU,gaming Shorts,core,raw_audio\gDtQ-To3iSU.m4a,embeddings\gDtQ-To3iSU.npy,"(768,)",success,
gEhLhJyO5_E,https://www.youtube.com/shorts/gEhLhJyO5_E,trending Shorts,trending,raw_audio\gEhLhJyO5_E.m4a,embeddings\gEhLhJyO5_E.npy,"(768,)",success,
GGl_FyxK8qE,https://www.youtube.com/shorts/GGl_FyxK8qE,motivational Shorts,core,raw_audio\GGl_FyxK8qE.m4a,embeddings\GGl_FyxK8qE.npy,"(768,)",success,
GHGcF30-j_E,https://www.youtube.com/shorts/GHGcF30-j_E,motivational Shorts,core,raw_audio\GHGcF30-j_E.m4a,embeddings\GHGcF30-j_E.npy,"(768,)",success,
GHl1yTNrRxY,https://www.youtube.com/shorts/GHl1yTNrRxY,storytime Shorts,trending,raw_audio\GHl1yTNrRxY.m4a,embeddings\GHl1yTNrRxY.npy,"(768,)",success,
GTw7wk-4ai4,https://www.youtube.com/shorts/GTw7wk-4ai4,motivational Shorts,core,raw_audio\GTw7wk-4ai4.m4a,embeddings\GTw7wk-4ai4.npy,"(768,)",success,
gz-d1c4jdn0,https://www.youtube.com/shorts/gz-d1c4jdn0,reaction Shorts,trending,raw_audio\gz-d1c4jdn0.m4a,embeddings\gz-d1c4jdn0.npy,"(768,)",success,
gzLdmectOaM,https://www.youtube.com/shorts/gzLdmectOaM,motivational Shorts,core,raw_audio\gzLdmectOaM.m4a,embeddings\gzLdmectOaM.npy,"(768,)",success,
HAHQrfXWFV8,https://www.youtube.com/shorts/HAHQrfXWFV8,viral Shorts,trending,raw_audio\HAHQrfXWFV8.m4a,embeddings\HAHQrfXWFV8.npy,"(768,)",success,
hd2hiquQZVw,https://www.youtube.com/shorts/hd2hiquQZVw,viral Shorts,trending,raw_audio\hd2hiquQZVw.m4a,embeddings\hd2hiquQZVw.npy,"(768,)",success,
HhgxUnlhG4M,https://www.youtube.com/shorts/HhgxUnlhG4M,fashion Shorts,core,raw_audio\HhgxUnlhG4M.m4a,embeddings\HhgxUnlhG4M.npy,"(768,)",success,
HiDGfFOzfnk,https://www.youtube.com/shorts/HiDGfFOzfnk,viral Shorts,trending,raw_audio\HiDGfFOzfnk.m4a,embeddings\HiDGfFOzfnk.npy,"(768,)",success,
hIsYsd4yX7o,https://www.youtube.com/shorts/hIsYsd4yX7o,sports Shorts,core,raw_audio\hIsYsd4yX7o.m4a,embeddings\hIsYsd4yX7o.npy,"(768,)",success,
HrzlRIRDDgU,https://www.youtube.com/shorts/HrzlRIRDDgU,sports Shorts,core,raw_audio\HrzlRIRDDgU.m4a,embeddings\HrzlRIRDDgU.npy,"(768,)",success,
hwYOe5nU5d4,https://www.youtube.com/shorts/hwYOe5nU5d4,trending Shorts,trending,raw_audio\hwYOe5nU5d4.m4a,embeddings\hwYOe5nU5d4.npy,"(768,)",success,
hx265ujsLVU,https://www.youtube.com/shorts/hx265ujsLVU,viral Shorts,trending,raw_audio\hx265ujsLVU.m4a,embeddings\hx265ujsLVU.npy,"(768,)",success,
HXmczdiS8m4,https://www.youtube.com/shorts/HXmczdiS8m4,tech Shorts,core,raw_audio\HXmczdiS8m4.m4a,embeddings\HXmczdiS8m4.npy,"(768,)",success,
hZWNRBEdVpQ,https://www.youtube.com/shorts/hZWNRBEdVpQ,gaming Shorts,core,raw_audio\hZWNRBEdVpQ.m4a,embeddings\hZWNRBEdVpQ.npy,"(768,)",success,
HZY3Mx87zCY,https://www.youtube.com/shorts/HZY3Mx87zCY,travel Shorts,core,raw_audio\HZY3Mx87zCY.m4a,embeddings\HZY3Mx87zCY.npy,"(768,)",success,
ibw-aelvR3g,https://www.youtube.com/shorts/ibw-aelvR3g,fashion Shorts,core,raw_audio\ibw-aelvR3g.m4a,embeddings\ibw-aelvR3g.npy,"(768,)",success,
iHxmH6fgU5w,https://www.youtube.com/shorts/iHxmH6fgU5w,challenge Shorts,trending,raw_audio\iHxmH6fgU5w.m4a,embeddings\iHxmH6fgU5w.npy,"(768,)",success,
IMK8N1dLW-M,https://www.youtube.com/shorts/IMK8N1dLW-M,random Shorts,trending,raw_audio\IMK8N1dLW-M.m4a,embeddings\IMK8N1dLW-M.npy,"(768,)",success,
in0HjvNwALc,https://www.youtube.com/shorts/in0HjvNwALc,viral Shorts,trending,raw_audio\in0HjvNwALc.m4a,embeddings\in0HjvNwALc.npy,"(768,)",success,
IOItjGrCPFY,https://www.youtube.com/shorts/IOItjGrCPFY,motivational Shorts,core,raw_audio\IOItjGrCPFY.m4a,embeddings\IOItjGrCPFY.npy,"(768,)",success,
iooqpVw69TM,https://www.youtube.com/shorts/iooqpVw69TM,ai Shorts,trending,raw_audio\iooqpVw69TM.m4a,embeddings\iooqpVw69TM.npy,"(768,)",success,
ipxkqTZj6P8,https://www.youtube.com/shorts/ipxkqTZj6P8,meme Shorts,trending,raw_audio\ipxkqTZj6P8.m4a,embeddings\ipxkqTZj6P8.npy,"(768,)",success,
IQ14AVePD_g,https://www.youtube.com/shorts/IQ14AVePD_g,random Shorts,trending,raw_audio\IQ14AVePD_g.m4a,embeddings\IQ14AVePD_g.npy,"(768,)",success,
IQ7BpLl81u8,https://www.youtube.com/shorts/IQ7BpLl81u8,challenge Shorts,trending,raw_audio\IQ7BpLl81u8.m4a,embeddings\IQ7BpLl81u8.npy,"(768,)",success,
itl1Lf4hq7c,https://www.youtube.com/shorts/itl1Lf4hq7c,reaction Shorts,trending,raw_audio\itl1Lf4hq7c.m4a,embeddings\itl1Lf4hq7c.npy,"(768,)",success,
iuLgq7bf6QY,https://www.youtube.com/shorts/iuLgq7bf6QY,tech Shorts,core,raw_audio\iuLgq7bf6QY.m4a,embeddings\iuLgq7bf6QY.npy,"(768,)",success,
ivijUqcl9KM,https://www.youtube.com/shorts/ivijUqcl9KM,travel Shorts,core,raw_audio\ivijUqcl9KM.m4a,embeddings\ivijUqcl9KM.npy,"(768,)",success,
iYXT1h0mYlM,https://www.youtube.com/shorts/iYXT1h0mYlM,meme Shorts,trending,raw_audio\iYXT1h0mYlM.m4a,embeddings\iYXT1h0mYlM.npy,"(768,)",success,
J94eErbvPmQ,https://www.youtube.com/shorts/J94eErbvPmQ,trending Shorts,trending,raw_audio\J94eErbvPmQ.m4a,embeddings\J94eErbvPmQ.npy,"(768,)",success,
jAiki0GOrFA,https://www.youtube.com/shorts/jAiki0GOrFA,tech Shorts,core,raw_audio\jAiki0GOrFA.m4a,embeddings\jAiki0GOrFA.npy,"(768,)",success,
JczfneTahM8,https://www.youtube.com/shorts/JczfneTahM8,tech Shorts,core,raw_audio\JczfneTahM8.m4a,embeddings\JczfneTahM8.npy,"(768,)",success,
ji-Gzj-8jJM,https://www.youtube.com/shorts/ji-Gzj-8jJM,gaming Shorts,core,raw_audio\ji-Gzj-8jJM.m4a,embeddings\ji-Gzj-8jJM.npy,"(768,)",success,
jKEKuLwOO0Q,https://www.youtube.com/shorts/jKEKuLwOO0Q,remix Shorts,trending,raw_audio\jKEKuLwOO0Q.m4a,embeddings\jKEKuLwOO0Q.npy,"(768,)",success,
JogfIoXd2Gw,https://www.youtube.com/shorts/JogfIoXd2Gw,travel Shorts,core,raw_audio\JogfIoXd2Gw.m4a,embeddings\JogfIoXd2Gw.npy,"(768,)",success,
jQy39x0l0PE,https://www.youtube.com/shorts/jQy39x0l0PE,fashion Shorts,core,raw_audio\jQy39x0l0PE.m4a,embeddings\jQy39x0l0PE.npy,"(768,)",success,
jTBE4TGKr0I,https://www.youtube.com/shorts/jTBE4TGKr0I,challenge Shorts,trending,raw_audio\jTBE4TGKr0I.m4a,embeddings\jTBE4TGKr0I.npy,"(768,)",success,
jVBByRD9omY,https://www.youtube.com/shorts/jVBByRD9omY,fashion Shorts,core,raw_audio\jVBByRD9omY.m4a,embeddings\jVBByRD9omY.npy,"(768,)",success,
jY3lrs1dgnI,https://www.youtube.com/shorts/jY3lrs1dgnI,remix Shorts,trending,raw_audio\jY3lrs1dgnI.m4a,embeddings\jY3lrs1dgnI.npy,"(768,)",success,
k67TwilE96c,https://www.youtube.com/shorts/k67TwilE96c,trending Shorts,trending,raw_audio\k67TwilE96c.m4a,embeddings\k67TwilE96c.npy,"(768,)",success,
K7pnnYnT3CM,https://www.youtube.com/shorts/K7pnnYnT3CM,travel Shorts,core,raw_audio\K7pnnYnT3CM.m4a,embeddings\K7pnnYnT3CM.npy,"(768,)",success,
k8RnYF5yqvw,https://www.youtube.com/shorts/k8RnYF5yqvw,tech Shorts,core,raw_audio\k8RnYF5yqvw.m4a,embeddings\k8RnYF5yqvw.npy,"(768,)",success,
kegGG_JWCns,https://www.youtube.com/shorts/kegGG_JWCns,reaction Shorts,trending,raw_audio\kegGG_JWCns.m4a,embeddings\kegGG_JWCns.npy,"(768,)",success,
kgU2-KfUIrE,https://www.youtube.com/shorts/kgU2-KfUIrE,meme Shorts,trending,raw_audio\kgU2-KfUIrE.m4a,embeddings\kgU2-KfUIrE.npy,"(768,)",success,
kilZ3bM70y8,https://www.youtube.com/shorts/kilZ3bM70y8,challenge Shorts,trending,raw_audio\kilZ3bM70y8.m4a,embeddings\kilZ3bM70y8.npy,"(768,)",success,
kjKPMtHX9y0,https://www.youtube.com/shorts/kjKPMtHX9y0,trending Shorts,trending,raw_audio\kjKPMtHX9y0.m4a,embeddings\kjKPMtHX9y0.npy,"(768,)",success,
kjsqQPMTbd4,https://www.youtube.com/shorts/kjsqQPMTbd4,motivational Shorts,core,raw_audio\kjsqQPMTbd4.m4a,embeddings\kjsqQPMTbd4.npy,"(768,)",success,
KmgGlg5ys54,https://www.youtube.com/shorts/KmgGlg5ys54,meme Shorts,trending,raw_audio\KmgGlg5ys54.m4a,embeddings\KmgGlg5ys54.npy,"(768,)",success,
KMxVdXhuDyU,https://www.youtube.com/shorts/KMxVdXhuDyU,remix Shorts,trending,raw_audio\KMxVdXhuDyU.m4a,embeddings\KMxVdXhuDyU.npy,"(768,)",success,
KOmCrzzqT_o,https://www.youtube.com/shorts/KOmCrzzqT_o,tech Shorts,core,raw_audio\KOmCrzzqT_o.m4a,embeddings\KOmCrzzqT_o.npy,"(768,)",success,
KRsMHsJWNrk,https://www.youtube.com/shorts/KRsMHsJWNrk,travel Shorts,core,raw_audio\KRsMHsJWNrk.m4a,embeddings\KRsMHsJWNrk.npy,"(768,)",success,
kS3350cli2w,https://www.youtube.com/shorts/kS3350cli2w,remix Shorts,trending,raw_audio\kS3350cli2w.m4a,embeddings\kS3350cli2w.npy,"(768,)",success,
kWqr-IDPcRw,https://www.youtube.com/shorts/kWqr-IDPcRw,tech Shorts,core,raw_audio\kWqr-IDPcRw.m4a,embeddings\kWqr-IDPcRw.npy,"(768,)",success,
KwS8_UsZdIM,https://www.youtube.com/shorts/KwS8_UsZdIM,reaction Shorts,trending,raw_audio\KwS8_UsZdIM.m4a,embeddings\KwS8_UsZdIM.npy,"(768,)",success,
LhgOv34C6ZI,https://www.youtube.com/shorts/LhgOv34C6ZI,remix Shorts,trending,raw_audio\LhgOv34C6ZI.m4a,embeddings\LhgOv34C6ZI.npy,"(768,)",success,
lnOcIPPXkZk,https://www.youtube.com/shorts/lnOcIPPXkZk,reaction Shorts,trending,raw_audio\lnOcIPPXkZk.m4a,embeddings\lnOcIPPXkZk.npy,"(768,)",success,
lpr7YnEGmvs,https://www.youtube.com/shorts/lpr7YnEGmvs,random Shorts,trending,raw_audio\lpr7YnEGmvs.m4a,embeddings\lpr7YnEGmvs.npy,"(768,)",success,
lrBFiM8n96E,https://www.youtube.com/shorts/lrBFiM8n96E,viral Shorts,trending,raw_audio\lrBFiM8n96E.m4a,embeddings\lrBFiM8n96E.npy,"(768,)",success,
lUY95VRzb-w,https://www.youtube.com/shorts/lUY95VRzb-w,storytime Shorts,trending,raw_audio\lUY95VRzb-w.m4a,embeddings\lUY95VRzb-w.npy,"(768,)",success,
lvdw1JLwhQA,https://www.youtube.com/shorts/lvdw1JLwhQA,viral Shorts,trending,raw_audio\lvdw1JLwhQA.m4a,embeddings\lvdw1JLwhQA.npy,"(768,)",success,
Lxcu84tTJOA,https://www.youtube.com/shorts/Lxcu84tTJOA,tech Shorts,core,raw_audio\Lxcu84tTJOA.m4a,embeddings\Lxcu84tTJOA.npy,"(768,)",success,
MFqIZ0eL75w,https://www.youtube.com/shorts/MFqIZ0eL75w,remix Shorts,trending,raw_audio\MFqIZ0eL75w.m4a,embeddings\MFqIZ0eL75w.npy,"(768,)",success,
mHxTMLlYP60,https://www.youtube.com/shorts/mHxTMLlYP60,tech Shorts,core,raw_audio\mHxTMLlYP60.m4a,embeddings\mHxTMLlYP60.npy,"(768,)",success,
mjaNqXqk-6c,https://www.youtube.com/shorts/mjaNqXqk-6c,gaming Shorts,core,raw_audio\mjaNqXqk-6c.m4a,embeddings\mjaNqXqk-6c.npy,"(768,)",success,
mkfSZDwAaf8,https://www.youtube.com/shorts/mkfSZDwAaf8,travel Shorts,core,raw_audio\mkfSZDwAaf8.m4a,embeddings\mkfSZDwAaf8.npy,"(768,)",success,
mm5Atx38z8I,https://www.youtube.com/shorts/mm5Atx38z8I,storytime Shorts,trending,raw_audio\mm5Atx38z8I.m4a,embeddings\mm5Atx38z8I.npy,"(768,)",success,
mrIgfglbsAc,https://www.youtube.com/shorts/mrIgfglbsAc,gaming Shorts,core,raw_audio\mrIgfglbsAc.m4a,embeddings\mrIgfglbsAc.npy,"(768,)",success,
MxSog0rv5Lg,https://www.youtube.com/shorts/MxSog0rv5Lg,gaming Shorts,core,raw_audio\MxSog0rv5Lg.m4a,embeddings\MxSog0rv5Lg.npy,"(768,)",success,
mzX3DSh-AW4,https://www.youtube.com/shorts/mzX3DSh-AW4,random Shorts,trending,raw_audio\mzX3DSh-AW4.m4a,embeddings\mzX3DSh-AW4.npy,"(768,)",success,
n8wyHXAT34g,https://www.youtube.com/shorts/n8wyHXAT34g,remix Shorts,trending,raw_audio\n8wyHXAT34g.m4a,embeddings\n8wyHXAT34g.npy,"(768,)",success,
nbqSQOkpc00,https://www.youtube.com/shorts/nbqSQOkpc00,fashion Shorts,core,raw_audio\nbqSQOkpc00.m4a,embeddings\nbqSQOkpc00.npy,"(768,)",success,
ngLglRVaa4w,https://www.youtube.com/shorts/ngLglRVaa4w,motivational Shorts,core,raw_audio\ngLglRVaa4w.m4a,embeddings\ngLglRVaa4w.npy,"(768,)",success,
Ntsxp0r5hjU,https://www.youtube.com/shorts/Ntsxp0r5hjU,ai Shorts,trending,raw_audio\Ntsxp0r5hjU.m4a,embeddings\Ntsxp0r5hjU.npy,"(768,)",success,
nwsL8PpqBqY,https://www.youtube.com/shorts/nwsL8PpqBqY,fashion Shorts,core,raw_audio\nwsL8PpqBqY.m4a,embeddings\nwsL8PpqBqY.npy,"(768,)",success,
O2HfUb9dyps,https://www.youtube.com/shorts/O2HfUb9dyps,sports Shorts,core,raw_audio\O2HfUb9dyps.m4a,embeddings\O2HfUb9dyps.npy,"(768,)",success,
O5BC-YOwzig,https://www.youtube.com/shorts/O5BC-YOwzig,sports Shorts,core,raw_audio\O5BC-YOwzig.m4a,embeddings\O5BC-YOwzig.npy,"(768,)",success,
O65Bh9e4iPw,https://www.youtube.com/shorts/O65Bh9e4iPw,trending Shorts,trending,raw_audio\O65Bh9e4iPw.m4a,embeddings\O65Bh9e4iPw.npy,"(768,)",success,
OAq0XDhFDbU,https://www.youtube.com/shorts/OAq0XDhFDbU,ai Shorts,trending,raw_audio\OAq0XDhFDbU.m4a,embeddings\OAq0XDhFDbU.npy,"(768,)",success,
oBUdEA_C4DE,https://www.youtube.com/shorts/oBUdEA_C4DE,random Shorts,trending,raw_audio\oBUdEA_C4DE.m4a,embeddings\oBUdEA_C4DE.npy,"(768,)",success,
OCS5WrOPaC0,https://www.youtube.com/shorts/OCS5WrOPaC0,fashion Shorts,core,raw_audio\OCS5WrOPaC0.m4a,embeddings\OCS5WrOPaC0.npy,"(768,)",success,
oDihnbzhRVc,https://www.youtube.com/shorts/oDihnbzhRVc,travel Shorts,core,raw_audio\oDihnbzhRVc.m4a,embeddings\oDihnbzhRVc.npy,"(768,)",success,
oDTWnzFM-bw,https://www.youtube.com/shorts/oDTWnzFM-bw,ai Shorts,trending,raw_audio\oDTWnzFM-bw.m4a,embeddings\oDTWnzFM-bw.npy,"(768,)",success,
OHj3VqTQgPU,https://www.youtube.com/shorts/OHj3VqTQgPU,gaming Shorts,core,raw_audio\OHj3VqTQgPU.m4a,embeddings\OHj3VqTQgPU.npy,"(768,)",success,
O_1RL-0klZw,https://www.youtube.com/shorts/O_1RL-0klZw,tech Shorts,core,raw_audio\O_1RL-0klZw.m4a,embeddings\O_1RL-0klZw.npy,"(768,)",success,
pcOmdeQ9vjk,https://www.youtube.com/shorts/pcOmdeQ9vjk,ai Shorts,trending,raw_audio\pcOmdeQ9vjk.m4a,embeddings\pcOmdeQ9vjk.npy,"(768,)",success,
PG7aScOT3TQ,https://www.youtube.com/shorts/PG7aScOT3TQ,meme Shorts,trending,raw_audio\PG7aScOT3TQ.m4a,embeddings\PG7aScOT3TQ.npy,"(768,)",success,
PkaVuvQ6xPs,https://www.youtube.com/shorts/PkaVuvQ6xPs,travel Shorts,core,raw_audio\PkaVuvQ6xPs.m4a,embeddings\PkaVuvQ6xPs.npy,"(768,)",success,
PpOLOiTTXUc,https://www.youtube.com/shorts/PpOLOiTTXUc,tech Shorts,core,raw_audio\PpOLOiTTXUc.m4a,embeddings\PpOLOiTTXUc.npy,"(768,)",success,
Pts30_DGaxw,https://www.youtube.com/shorts/Pts30_DGaxw,viral Shorts,trending,raw_audio\Pts30_DGaxw.m4a,embeddings\Pts30_DGaxw.npy,"(768,)",success,
pvv5L_B7Abo,https://www.youtube.com/shorts/pvv5L_B7Abo,random Shorts,trending,raw_audio\pvv5L_B7Abo.m4a,embeddings\pvv5L_B7Abo.npy,"(768,)",success,
PZcPRNpqNQA,https://www.youtube.com/shorts/PZcPRNpqNQA,motivational Shorts,core,raw_audio\PZcPRNpqNQA.m4a,embeddings\PZcPRNpqNQA.npy,"(768,)",success,
Q0BOH_s9gSU,https://www.youtube.com/shorts/Q0BOH_s9gSU,motivational Shorts,core,raw_audio\Q0BOH_s9gSU.m4a,embeddings\Q0BOH_s9gSU.npy,"(768,)",success,
Q3jGjZNey8k,https://www.youtube.com/shorts/Q3jGjZNey8k,reaction Shorts,trending,raw_audio\Q3jGjZNey8k.m4a,embeddings\Q3jGjZNey8k.npy,"(768,)",success,
qciWfVN-Cvo,https://www.youtube.com/shorts/qciWfVN-Cvo,remix Shorts,trending,raw_audio\qciWfVN-Cvo.m4a,embeddings\qciWfVN-Cvo.npy,"(768,)",success,
QGhyVqC1sWA,https://www.youtube.com/shorts/QGhyVqC1sWA,remix Shorts,trending,raw_audio\QGhyVqC1sWA.m4a,embeddings\QGhyVqC1sWA.npy,"(768,)",success,
qP08DqrxwzA,https://www.youtube.com/shorts/qP08DqrxwzA,viral Shorts,trending,raw_audio\qP08DqrxwzA.m4a,embeddings\qP08DqrxwzA.npy,"(768,)",success,
qU6bxRPltkk,https://www.youtube.com/shorts/qU6bxRPltkk,travel Shorts,core,raw_audio\qU6bxRPltkk.m4a,embeddings\qU6bxRPltkk.npy,"(768,)",success,
R0x0miEoYJ0,https://www.youtube.com/shorts/R0x0miEoYJ0,reaction Shorts,trending,raw_audio\R0x0miEoYJ0.m4a,embeddings\R0x0miEoYJ0.npy,"(768,)",success,
r3lDJU7KTms,https://www.youtube.com/shorts/r3lDJU7KTms,tech Shorts,core,raw_audio\r3lDJU7KTms.m4a,embeddings\r3lDJU7KTms.npy,"(768,)",success,
R9VvNR2QwlQ,https://www.youtube.com/shorts/R9VvNR2QwlQ,meme Shorts,trending,raw_audio\R9VvNR2QwlQ.m4a,embeddings\R9VvNR2QwlQ.npy,"(768,)",success,
RiOqgmmcSvc,https://www.youtube.com/shorts/RiOqgmmcSvc,random Shorts,trending,raw_audio\RiOqgmmcSvc.m4a,embeddings\RiOqgmmcSvc.npy,"(768,)",success,
RM9-6FfZdgg,https://www.youtube.com/shorts/RM9-6FfZdgg,ai Shorts,trending,raw_audio\RM9-6FfZdgg.m4a,embeddings\RM9-6FfZdgg.npy,"(768,)",success,
rqhip-F4i9c,https://www.youtube.com/shorts/rqhip-F4i9c,motivational Shorts,core,raw_audio\rqhip-F4i9c.m4a,embeddings\rqhip-F4i9c.npy,"(768,)",success,
RSgGbOYnA_s,https://www.youtube.com/shorts/RSgGbOYnA_s,fashion Shorts,core,raw_audio\RSgGbOYnA_s.m4a,embeddings\RSgGbOYnA_s.npy,"(768,)",success,
rsIFfHWMjjo,https://www.youtube.com/shorts/rsIFfHWMjjo,fashion Shorts,core,raw_audio\rsIFfHWMjjo.m4a,embeddings\rsIFfHWMjjo.npy,"(768,)",success,
rsvxmD7eO4s,https://www.youtube.com/shorts/rsvxmD7eO4s,tech Shorts,core,raw_audio\rsvxmD7eO4s.m4a,embeddings\rsvxmD7eO4s.npy,"(768,)",success,
RtWe9XmzVOQ,https://www.youtube.com/shorts/RtWe9XmzVOQ,motivational Shorts,core,raw_audio\RtWe9XmzVOQ.m4a,embeddings\RtWe9XmzVOQ.npy,"(768,)",success,
Rz_mz4j7REY,https://www.youtube.com/shorts/Rz_mz4j7REY,trending Shorts,trending,raw_audio\Rz_mz4j7REY.m4a,embeddings\Rz_mz4j7REY.npy,"(768,)",success,
SeC10P7dslw,https://www.youtube.com/shorts/SeC10P7dslw,trending Shorts,trending,raw_audio\SeC10P7dslw.m4a,embeddings\SeC10P7dslw.npy,"(768,)",success,
SpuxFfdyxKc,https://www.youtube.com/shorts/SpuxFfdyxKc,random Shorts,trending,raw_audio\SpuxFfdyxKc.m4a,embeddings\SpuxFfdyxKc.npy,"(768,)",success,
sxmTTS4qros,https://www.youtube.com/shorts/sxmTTS4qros,random Shorts,trending,raw_audio\sxmTTS4qros.m4a,embeddings\sxmTTS4qros.npy,"(768,)",success,
T2j00n58k4M,https://www.youtube.com/shorts/T2j00n58k4M,reaction Shorts,trending,raw_audio\T2j00n58k4M.m4a,embeddings\T2j00n58k4M.npy,"(768,)",success,
t45cetC6j7o,https://www.youtube.com/shorts/t45cetC6j7o,sports Shorts,core,raw_audio\t45cetC6j7o.m4a,embeddings\t45cetC6j7o.npy,"(768,)",success,
T4rM-V3VAuc,https://www.youtube.com/shorts/T4rM-V3VAuc,challenge Shorts,trending,raw_audio\T4rM-V3VAuc.m4a,embeddings\T4rM-V3VAuc.npy,"(768,)",success,
t5r0VgFhp0M,https://www.youtube.com/shorts/t5r0VgFhp0M,gaming Shorts,core,raw_audio\t5r0VgFhp0M.m4a,embeddings\t5r0VgFhp0M.npy,"(768,)",success,
tcTI0QyRMBI,https://www.youtube.com/shorts/tcTI0QyRMBI,reaction Shorts,trending,raw_audio\tcTI0QyRMBI.m4a,embeddings\tcTI0QyRMBI.npy,"(768,)",success,
tDc8dnyw7B4,https://www.youtube.com/shorts/tDc8dnyw7B4,gaming Shorts,core,raw_audio\tDc8dnyw7B4.m4a,embeddings\tDc8dnyw7B4.npy,"(768,)",success,
TFdGaOhhN3Y,https://www.youtube.com/shorts/TFdGaOhhN3Y,storytime Shorts,trending,raw_audio\TFdGaOhhN3Y.m4a,embeddings\TFdGaOhhN3Y.npy,"(768,)",success,
Tg7q8NNOVZo,https://www.youtube.com/shorts/Tg7q8NNOVZo,ai Shorts,trending,raw_audio\Tg7q8NNOVZo.m4a,embeddings\Tg7q8NNOVZo.npy,"(768,)",success,
TjhqoJ6LW7M,https://www.youtube.com/shorts/TjhqoJ6LW7M,fashion Shorts,core,raw_audio\TjhqoJ6LW7M.m4a,embeddings\TjhqoJ6LW7M.npy,"(768,)",success,
Tjrho4MWuTM,https://www.youtube.com/shorts/Tjrho4MWuTM,meme Shorts,trending,raw_audio\Tjrho4MWuTM.m4a,embeddings\Tjrho4MWuTM.npy,"(768,)",success,
toamvmz7Vcw,https://www.youtube.com/shorts/toamvmz7Vcw,motivational Shorts,core,raw_audio\toamvmz7Vcw.m4a,embeddings\toamvmz7Vcw.npy,"(768,)",success,
TS_43nX1wnI,https://www.youtube.com/shorts/TS_43nX1wnI,gaming Shorts,core,raw_audio\TS_43nX1wnI.m4a,embeddings\TS_43nX1wnI.npy,"(768,)",success,
tTdy8OFC5oc,https://www.youtube.com/shorts/tTdy8OFC5oc,storytime Shorts,trending,raw_audio\tTdy8OFC5oc.m4a,embeddings\tTdy8OFC5oc.npy,"(768,)",success,
tXVIW_yTc6E,https://www.youtube.com/shorts/tXVIW_yTc6E,remix Shorts,trending,raw_audio\tXVIW_yTc6E.m4a,embeddings\tXVIW_yTc6E.npy,"(768,)",success,
u28UcHkJprc,https://www.youtube.com/shorts/u28UcHkJprc,sports Shorts,core,raw_audio\u28UcHkJprc.m4a,embeddings\u28UcHkJprc.npy,"(768,)",success,
U3Fi83bwMqQ,https://www.youtube.com/shorts/U3Fi83bwMqQ,meme Shorts,trending,raw_audio\U3Fi83bwMqQ.m4a,embeddings\U3Fi83bwMqQ.npy,"(768,)",success,
UceymAMsACo,https://www.youtube.com/shorts/UceymAMsACo,travel Shorts,core,raw_audio\UceymAMsACo.m4a,embeddings\UceymAMsACo.npy,"(768,)",success,
UE6J-XG6I4M,https://www.youtube.com/shorts/UE6J-XG6I4M,random Shorts,trending,raw_audio\UE6J-XG6I4M.m4a,embeddings\UE6J-XG6I4M.npy,"(768,)",success,
ueBR86_Q_00,https://www.youtube.com/shorts/ueBR86_Q_00,storytime Shorts,trending,raw_audio\ueBR86_Q_00.m4a,embeddings\ueBR86_Q_00.npy,"(768,)",success,
uMiF3zNpDqI,https://www.youtube.com/shorts/uMiF3zNpDqI,meme Shorts,trending,raw_audio\uMiF3zNpDqI.m4a,embeddings\uMiF3zNpDqI.npy,"(768,)",success,
UrM6vz0AXl4,https://www.youtube.com/shorts/UrM6vz0AXl4,storytime Shorts,trending,raw_audio\UrM6vz0AXl4.m4a,embeddings\UrM6vz0AXl4.npy,"(768,)",success,
us1_764MCOc,https://www.youtube.com/shorts/us1_764MCOc,fashion Shorts,core,raw_audio\us1_764MCOc.m4a,embeddings\us1_764MCOc.npy,"(768,)",success,
UvgfeWygsCU,https://www.youtube.com/shorts/UvgfeWygsCU,remix Shorts,trending,raw_audio\UvgfeWygsCU.m4a,embeddings\UvgfeWygsCU.npy,"(768,)",success,
uwitWUcnC7U,https://www.youtube.com/shorts/uwitWUcnC7U,motivational Shorts,core,raw_audio\uwitWUcnC7U.m4a,embeddings\uwitWUcnC7U.npy,"(768,)",success,
uzYcb3bG2CE,https://www.youtube.com/shorts/uzYcb3bG2CE,viral Shorts,trending,raw_audio\uzYcb3bG2CE.m4a,embeddings\uzYcb3bG2CE.npy,"(768,)",success,
vBGd4COy8BY,https://www.youtube.com/shorts/vBGd4COy8BY,sports Shorts,core,raw_audio\vBGd4COy8BY.m4a,embeddings\vBGd4COy8BY.npy,"(768,)",success,
VdJIKcde28M,https://www.youtube.com/shorts/VdJIKcde28M,sports Shorts,core,raw_audio\VdJIKcde28M.m4a,embeddings\VdJIKcde28M.npy,"(768,)",success,
vW2K0L-vUgw,https://www.youtube.com/shorts/vW2K0L-vUgw,tech Shorts,core,raw_audio\vW2K0L-vUgw.m4a,embeddings\vW2K0L-vUgw.npy,"(768,)",success,
vXUZpRRrIBU,https://www.youtube.com/shorts/vXUZpRRrIBU,challenge Shorts,trending,raw_audio\vXUZpRRrIBU.m4a,embeddings\vXUZpRRrIBU.npy,"(768,)",success,
wl6EzRDu0yM,https://www.youtube.com/shorts/wl6EzRDu0yM,challenge Shorts,trending,raw_audio\wl6EzRDu0yM.m4a,embeddings\wl6EzRDu0yM.npy,"(768,)",success,
WRC6ToIqU-Q,https://www.youtube.com/shorts/WRC6ToIqU-Q,random Shorts,trending,raw_audio\WRC6ToIqU-Q.m4a,embeddings\WRC6ToIqU-Q.npy,"(768,)",success,
X2cEvpFoaKQ,https://www.youtube.com/shorts/X2cEvpFoaKQ,meme Shorts,trending,raw_audio\X2cEvpFoaKQ.m4a,embeddings\X2cEvpFoaKQ.npy,"(768,)",success,
X2uSaUrTsfA,https://www.youtube.com/shorts/X2uSaUrTsfA,challenge Shorts,trending,raw_audio\X2uSaUrTsfA.m4a,embeddings\X2uSaUrTsfA.npy,"(768,)",success,
x3PYjwvntf0,https://www.youtube.com/shorts/x3PYjwvntf0,viral Shorts,trending,raw_audio\x3PYjwvntf0.m4a,embeddings\x3PYjwvntf0.npy,"(768,)",success,
X5wr7hZQjRo,https://www.youtube.com/shorts/X5wr7hZQjRo,trending Shorts,trending,raw_audio\X5wr7hZQjRo.m4a,embeddings\X5wr7hZQjRo.npy,"(768,)",success,
X62CbDKT2Vs,https://www.youtube.com/shorts/X62CbDKT2Vs,meme Shorts,trending,raw_audio\X62CbDKT2Vs.m4a,embeddings\X62CbDKT2Vs.npy,"(768,)",success,
xA6aNO3d27w,https://www.youtube.com/shorts/xA6aNO3d27w,remix Shorts,trending,raw_audio\xA6aNO3d27w.m4a,embeddings\xA6aNO3d27w.npy,"(768,)",success,
xJLnWn7hge8,https://www.youtube.com/shorts/xJLnWn7hge8,ai Shorts,trending,raw_audio\xJLnWn7hge8.m4a,embeddings\xJLnWn7hge8.npy,"(768,)",success,
Xl3xOzESUXw,https://www.youtube.com/shorts/Xl3xOzESUXw,reaction Shorts,trending,raw_audio\Xl3xOzESUXw.m4a,embeddings\Xl3xOzESUXw.npy,"(768,)",success,
XN9UWfzYm64,https://www.youtube.com/shorts/XN9UWfzYm64,challenge Shorts,trending,raw_audio\XN9UWfzYm64.m4a,embeddings\XN9UWfzYm64.npy,"(768,)",success,
xNOLwlt8kaM,https://www.youtube.com/shorts/xNOLwlt8kaM,viral Shorts,trending,raw_audio\xNOLwlt8kaM.m4a,embeddings\xNOLwlt8kaM.npy,"(768,)",success,
xovNV7YivpI,https://www.youtube.com/shorts/xovNV7YivpI,reaction Shorts,trending,raw_audio\xovNV7YivpI.m4a,embeddings\xovNV7YivpI.npy,"(768,)",success,
Xt03FqfGYDk,https://www.youtube.com/shorts/Xt03FqfGYDk,reaction Shorts,trending,raw_audio\Xt03FqfGYDk.m4a,embeddings\Xt03FqfGYDk.npy,"(768,)",success,
XyH_GWoPrNs,https://www.youtube.com/shorts/XyH_GWoPrNs,trending Shorts,trending,raw_audio\XyH_GWoPrNs.m4a,embeddings\XyH_GWoPrNs.npy,"(768,)",success,
y6xUDVmtS8E,https://www.youtube.com/shorts/y6xUDVmtS8E,gaming Shorts,core,raw_audio\y6xUDVmtS8E.m4a,embeddings\y6xUDVmtS8E.npy,"(768,)",success,
y8RByhqeJcM,https://www.youtube.com/shorts/y8RByhqeJcM,storytime Shorts,trending,raw_audio\y8RByhqeJcM.m4a,embeddings\y8RByhqeJcM.npy,"(768,)",success,
Ych62zpCu90,https://www.youtube.com/shorts/Ych62zpCu90,reaction Shorts,trending,raw_audio\Ych62zpCu90.m4a,embeddings\Ych62zpCu90.npy,"(768,)",success,
yGHgrl-hApw,https://www.youtube.com/shorts/yGHgrl-hApw,reaction Shorts,trending,raw_audio\yGHgrl-hApw.m4a,embeddings\yGHgrl-hApw.npy,"(768,)",success,
yKZdjId2C5c,https://www.youtube.com/shorts/yKZdjId2C5c,remix Shorts,trending,raw_audio\yKZdjId2C5c.m4a,embeddings\yKZdjId2C5c.npy,"(768,)",success,
yNAqHHrPmhg,https://www.youtube.com/shorts/yNAqHHrPmhg,ai Shorts,trending,raw_audio\yNAqHHrPmhg.m4a,embeddings\yNAqHHrPmhg.npy,"(768,)",success,
yRrXSP78z8o,https://www.youtube.com/shorts/yRrXSP78z8o,meme Shorts,trending,raw_audio\yRrXSP78z8o.m4a,embeddings\yRrXSP78z8o.npy,"(768,)",success,
YTu7ReQ9TT8,https://www.youtube.com/shorts/YTu7ReQ9TT8,fashion Shorts,core,raw_audio\YTu7ReQ9TT8.m4a,embeddings\YTu7ReQ9TT8.npy,"(768,)",success,
YW6G-bJz4pI,https://www.youtube.com/shorts/YW6G-bJz4pI,ai Shorts,trending,raw_audio\YW6G-bJz4pI.m4a,embeddings\YW6G-bJz4pI.npy,"(768,)",success,
yYhVn0vcCU0,https://www.youtube.com/shorts/yYhVn0vcCU0,gaming Shorts,core,raw_audio\yYhVn0vcCU0.m4a,embeddings\yYhVn0vcCU0.npy,"(768,)",success,
yyVEGP-7omI,https://www.youtube.com/shorts/yyVEGP-7omI,gaming Shorts,core,raw_audio\yyVEGP-7omI.m4a,embeddings\yyVEGP-7omI.npy,"(768,)",success,
YZEJwHMI23M,https://www.youtube.com/shorts/YZEJwHMI23M,fashion Shorts,core,raw_audio\YZEJwHMI23M.m4a,embeddings\YZEJwHMI23M.npy,"(768,)",success,
z4xAwyOYIdM,https://www.youtube.com/shorts/z4xAwyOYIdM,gaming Shorts,core,raw_audio\z4xAwyOYIdM.m4a,embeddings\z4xAwyOYIdM.npy,"(768,)",success,
ZjxiNW-6aPU,https://www.youtube.com/shorts/ZjxiNW-6aPU,tech Shorts,core,raw_audio\ZjxiNW-6aPU.m4a,embeddings\ZjxiNW-6aPU.npy,"(768,)",success,
Zjz_G84TxJM,https://www.youtube.com/shorts/Zjz_G84TxJM,sports Shorts,core,raw_audio\Zjz_G84TxJM.m4a,embeddings\Zjz_G84TxJM.npy,"(768,)",success,
zsYDWBsLukQ,https://www.youtube.com/shorts/zsYDWBsLukQ,travel Shorts,core,raw_audio\zsYDWBsLukQ.m4a,embeddings\zsYDWBsLukQ.npy,"(768,)",success,
ztZYxWfsn4E,https://www.youtube.com/shorts/ztZYxWfsn4E,fashion Shorts,core,raw_audio\ztZYxWfsn4E.m4a,embeddings\ztZYxWfsn4E.npy,"(768,)",success,
zwMEhBq4kYM,https://www.youtube.com/shorts/zwMEhBq4kYM,random Shorts,trending,raw_audio\zwMEhBq4kYM.m4a,embeddings\zwMEhBq4kYM.npy,"(768,)",success,
_c5nTXIlZ6g,https://www.youtube.com/shorts/_c5nTXIlZ6g,gaming Shorts,core,raw_audio\_c5nTXIlZ6g.m4a,embeddings\_c5nTXIlZ6g.npy,"(768,)",success,
_NE38Rj5KXY,https://www.youtube.com/shorts/_NE38Rj5KXY,meme Shorts,trending,raw_audio\_NE38Rj5KXY.m4a,embeddings\_NE38Rj5KXY.npy,"(768,)",success,
_ugoxztLc5Q,https://www.youtube.com/shorts/_ugoxztLc5Q,fashion Shorts,core,raw_audio\_ugoxztLc5Q.m4a,embeddings\_ugoxztLc5Q.npy,"(768,)",success,
