video_id,log_view_count,cluster_id,query,rank_in_query,category_type,collector_version,captured_at,channel_id,channel_title,channel_custom_url,channel_country,channel_created_at,channel_description_length,channel_subscriber_count,channel_video_count,channel_hidden_subscriber_count,channel_age_days,title_length,description_length,emoji_count,has_hashtags,has_shorts_hashtag,has_clickbait_words,hashtag_count,duration_seconds,default_language,default_audio_language,caption_available,licensed_content,madeForKids,license,thumb_width,thumb_height,thumb_aspect_ratio,is_vertical_thumb,published_hour,published_dayofweek
challenge Shorts7,17.306791667110073,6,challenge Shorts,7,trending,v0.3.1,2025-11-12T04:41:21.987577+00:00,UCzsNLZ9GrGXRjt0QmvWFm2Q,Chattambees,@chattambees,IN,2020-07-23T05:59:40.606942Z,463.0,6150000.0,1138.0,False,1937.9456178314235,50,0,1,True,True,False,2,26.0,en,ml,False,True,False,youtube,1280.0,720.0,1.7777777777777777,False,13,6
meme Shorts8,18.408103551617657,9,meme Shorts,8,trending,v0.3.1,2025-11-12T04:41:21.987577+00:00,UCEYlNI8wno2Xp7YUNdMN22A,Panda Shorts,@pandashorts,SE,2020-11-21T01:09:16.586739Z,96.0,23700000.0,1319.0,False,1817.1472847319208,32,163,3,True,False,False,4,28.0,en,en,False,True,False,youtube,1280.0,720.0,1.7777777777777777,False,14,1
remix Shorts5,18.08546345755162,7,remix Shorts,5,trending,v0.3.1,2025-11-12T04:41:21.987577+00:00,UCJJjBdTbd_ws3J3nLA8I_Sg,radmiru,@radmiruru,TW,2021-07-22T15:56:30.525744Z,177.0,13500000.0,1687.0,False,1573.5311511786226,36,0,1,True,True,False,1,20.0,en,en,False,True,False,youtube,1280.0,720.0,1.7777777777777777,False,12,4
funny Shorts10,17.83689851060134,0,funny Shorts,10,core,v0.3.1,2025-11-12T04:41:21.987577+00:00,UCPUfyM6S8Qa9oc6Vre3CVEQ,PAWAN ROSHAN,@pawanroshan,IN,2023-12-23T13:48:33.573798Z,213.0,91800.0,263.0,False,689.6200047891087,95,0,0,True,False,False,4,19.0,en,hi,False,False,False,youtube,1280.0,720.0,1.7777777777777777,False,6,3
fashion Shorts11,16.371662252303565,8,fashion Shorts,11,core,v0.3.1,2025-11-12T04:41:21.987577+00:00,UCWHsIhAnchcCC7HZovWTdNg,Hang,@hangtw,US,2017-03-08T02:38:14Z,249.0,945000.0,298.0,False,3171.085509115475,50,218,1,True,True,False,1,9.0,en,en-US,False,True,False,youtube,1280.0,720.0,1.7777777777777777,False,0,5
meme Shorts14,17.32445126413905,9,meme Shorts,14,trending,v0.3.1,2025-11-12T04:41:21.987577+00:00,UCBaJVMx5fcWOHsmPH3IxKKQ,Wubzzy,@wubzzy26,US,2021-03-28T20:02:11.996805Z,228.0,2620000.0,611.0,False,1689.360532300602,54,1997,0,True,True,True,19,11.0,en,en,False,True,False,youtube,1280.0,720.0,1.7777777777777777,False,23,4
recipe Shorts13,13.575130558896852,6,recipe Shorts,13,core,v0.3.1,2025-11-12T04:41:21.987577+00:00,UCBfK6PY_nQ1H76x57mkOHvw,Delicious Cooking Recipes,@deliciouscookingrecipesusa,US,2015-07-06T22:48:35Z,0.0,390000.0,1498.0,False,3781.2449882821415,53,61,0,True,True,False,1,14.0,en,en,False,True,False,youtube,1280.0,720.0,1.7777777777777777,False,17,6
fashion Shorts2,17.596901802768794,1,fashion Shorts,2,core,v0.3.1,2025-11-12T04:41:21.987577+00:00,UCAxE-C26ycJW9tVKBCP8yPQ,Outfits Check,@outfitscheck,US,2022-04-15T00:01:51.848114Z,677.0,1710000.0,3412.0,False,1307.1940988363774,46,274,3,True,True,False,4,7.0,en,en,False,True,False,youtube,1280.0,720.0,1.7777777777777777,False,16,1
fashion Shorts3,16.263192986947818,4,fashion Shorts,3,core,v0.3.1,2025-11-12T04:41:21.987577+00:00,UCfKpFeS3Zc_GVYnMfZhmgBw,The Allie Rae,@allierae,US,2020-09-15T02:24:37.90261Z,988.0,89100.0,2620.0,False,1884.094954687118,86,648,0,True,True,False,27,8.0,en,en,False,True,False,youtube,1280.0,720.0,1.7777777777777777,False,0,2
meme Shorts15,19.620357337767906,8,meme Shorts,15,trending,v0.3.1,2025-11-12T04:41:21.987577+00:00,UCn4XPDYKp5FtMU_hs-v8TsQ,SupremesMemes,@supremesmemes,,2025-03-25T19:57:48.18301Z,997.0,608000.0,131.0,False,231.36358570100697,88,0,0,True,True,False,4,16.0,en,en,False,True,False,youtube,1280.0,720.0,1.7777777777777777,False,20,1
motivational Shorts20,14.675659206418532,1,motivational Shorts,20,core,v0.3.1,2025-11-12T04:41:21.987577+00:00,UCUu9C-xjqSFmhVUD7_OHlpg,Motivational quotes ,@motivational_quotes7979,,2024-10-08T13:05:18.238582Z,205.0,41800.0,74.0,False,399.6500433911458,65,437,2,True,True,False,32,6.0,en,en,False,False,False,youtube,1280.0,720.0,1.7777777777777777,False,10,3
sports Shorts8,17.847869870009852,6,sports Shorts,8,core,v0.3.1,2025-11-12T04:41:21.987577+00:00,UCjVd6vTuoAYLFYvX5TSK1aA,GOAL,@goal,GB,2005-11-03T20:42:20Z,836.0,3530000.0,8831.0,False,7313.3326618932515,75,779,3,True,True,False,23,11.0,en-GB,en-GB,False,True,False,youtube,1280.0,720.0,1.7777777777777777,False,11,0
fashion Shorts10,13.613333172458969,1,fashion Shorts,10,core,v0.3.1,2025-11-12T04:41:21.987577+00:00,UC_3natRRXS58pPVTEBfdwvw,Tiger Mist,@tigermist976,PK,2024-03-28T00:07:56.903042Z,64.0,52900.0,152.0,False,594.1898736635995,95,930,11,True,True,False,26,9.0,en-US,en-US,False,True,False,youtube,1280.0,720.0,1.7777777777777777,False,14,4
remix Shorts4,15.62115501635599,8,remix Shorts,4,trending,v0.3.1,2025-11-12T04:41:21.987577+00:00,UCTGOuh9b_Su2k5xEARHCQQA,JT Casey,@jtcasey,US,2012-10-27T18:15:22Z,141.0,16200000.0,2290.0,False,4763.4347220784375,34,0,2,False,False,False,0,9.0,en,en,False,True,False,youtube,1280.0,720.0,1.7777777777777777,False,1,0
challenge Shorts4,16.09832642110444,6,challenge Shorts,4,trending,v0.3.1,2025-11-12T04:41:21.987577+00:00,UCzsNLZ9GrGXRjt0QmvWFm2Q,Chattambees,@chattambees,IN,2020-07-23T05:59:40.606942Z,463.0,6150000.0,1138.0,False,1937.9456178314235,51,0,1,True,True,False,2,41.0,en,ml,False,True,False,youtube,1280.0,720.0,1.7777777777777777,False,14,5
viral Shorts9,18.83313013176404,1,viral Shorts,9,trending,v0.3.1,2025-11-12T04:41:21.987577+00:00,UCYCh5_-In6wtzWR-s_kM03w,H&T Official,@taihoa2905,VN,2020-04-26T14:15:13.781818Z,248.0,25900000.0,1601.0,False,2025.6014838629512,17,0,1,True,True,False,2,38.0,vi,vi,False,True,False,youtube,1280.0,720.0,1.7777777777777777,False,10,1
remix Shorts6,18.80682066437192,6,remix Shorts,6,trending,v0.3.1,2025-11-12T04:41:21.987577+00:00,UCxuBvuxd7lU7fx-8aactdVA,mercuri_88,@mercuri_88,IT,2007-04-08T16:17:58Z,247.0,15400000.0,1664.0,False,6792.516249856215,33,442,2,True,True,False,24,16.0,en,en,False,True,False,youtube,1280.0,720.0,1.7777777777777777,False,16,4
funny Shorts13,15.470912549711121,3,funny Shorts,13,core,v0.3.1,2025-11-12T04:41:21.987577+00:00,UClBidZ3L6KW2cYOoh4-xEuQ,Misti Happy Lifestyle Games & Shorts,@mistihappylifestyle,IN,2023-04-09T18:01:19.890094Z,24.0,24400000.0,5374.0,False,947.444468720868,59,59,6,True,True,False,8,8.0,en-IN,hi,False,True,False,youtube,1280.0,720.0,1.7777777777777777,False,3,3
fashion Shorts12,19.04605481238778,1,fashion Shorts,12,core,v0.3.1,2025-11-12T04:41:21.987577+00:00,UC63mNFJR8EAb8wAIJwoCmTA,5-Minute Crafts FAMILY,@5minutecraftsfamily,US,2018-12-13T11:19:00Z,131.0,15900000.0,5906.0,False,2525.723865596956,57,1799,6,True,True,False,5,31.0,en,en-US,False,True,False,youtube,1280.0,720.0,1.7777777777777777,False,15,2
recipe Shorts10,15.764014625616316,6,recipe Shorts,10,core,v0.3.1,2025-11-12T04:41:21.987577+00:00,UCaLs2Nr6kra2R0fhZ6GfDGw,HungryHappens,@hungry.happens,US,2014-01-02T00:56:17Z,88.0,794000.0,618.0,False,4332.1563077265855,79,0,0,True,True,False,1,23.0,en,en,False,True,False,youtube,1280.0,720.0,1.7777777777777777,False,1,6
fashion Shorts1,16.180974858696533,8,fashion Shorts,1,core,v0.3.1,2025-11-12T04:41:21.987577+00:00,UCo9RMALE8ELFhnHnDg7eA_w,BO BROWN,@bobrownn,NL,2017-03-21T09:53:12Z,896.0,2630000.0,1416.0,False,3157.783448930289,97,0,2,True,True,False,2,13.0,en-US,en-US,False,True,False,youtube,1280.0,720.0,1.7777777777777777,False,13,0
recipe Shorts11,16.58461885554665,0,recipe Shorts,11,core,v0.3.1,2025-11-12T04:41:21.987577+00:00,UCvUCbLAs_bkG8KdqE0AG5Gw,kalpana's kitchen,@kalpanaskitchen11,IN,2020-03-12T07:23:21.780257Z,167.0,912000.0,1464.0,False,2070.887502399537,98,405,0,True,True,False,12,23.0,en-IN,hi,False,True,False,youtube,1280.0,720.0,1.7777777777777777,False,2,1
viral Shorts8,18.85457894649707,4,viral Shorts,8,trending,v0.3.1,2025-11-12T04:41:21.987577+00:00,UC8lk1PidR1QY0jlphsYJqtw,ROCK SQUAD,@therocksquad,US,2015-10-07T21:30:32Z,998.0,4540000.0,938.0,False,3688.299189671032,48,776,1,True,True,True,3,10.0,en,en,False,True,False,youtube,1280.0,720.0,1.7777777777777777,False,19,6
challenge Shorts5,19.304507100573055,1,challenge Shorts,5,trending,v0.3.1,2025-11-12T04:41:21.987577+00:00,UCnBDsZLdYSU5jJttrDvn2yQ,Ethan Funny Family,@ethanfunnyfamily,US,2020-08-25T05:08:48.369469Z,418.0,19600000.0,1233.0,False,1904.980944654028,93,0,1,True,True,False,2,59.0,en,en,False,True,False,youtube,1280.0,720.0,1.7777777777777777,False,1,4
challenge Shorts1,17.58111822518607,4,challenge Shorts,1,trending,v0.3.1,2025-11-12T04:41:21.987577+00:00,UCVVMMNVUwHbxljqi-xZ-jig,Triple Charm,@triplecharm,US,2019-05-07T02:57:11Z,84.0,13500000.0,1597.0,False,2381.0723493932524,53,0,3,True,True,False,1,14.0,en,en,False,True,False,youtube,1280.0,720.0,1.7777777777777777,False,23,0
remix Shorts3,15.114590976124887,4,remix Shorts,3,trending,v0.3.1,2025-11-12T04:41:21.987577+00:00,UCHLBKw7-dpAPAXXK2yA-bCA,JUSTJULESüíñ,@justjulesog,,2023-04-18T00:09:21.058456Z,832.0,4880000.0,2300.0,False,939.1888996426042,94,0,2,True,True,False,8,8.0,en,ase,False,True,False,youtube,1280.0,720.0,1.7777777777777777,False,23,0
ai Shorts9,14.097991879927596,9,ai Shorts,9,trending,v0.3.1,2025-11-12T04:41:21.987577+00:00,UCzoahDpEVxzIgZcioTvxYmw,RankedNow,@ranked_now,US,2025-01-28T05:54:44.700373Z,799.0,31300.0,271.0,False,287.94904267597224,97,1003,6,True,True,False,17,41.0,en-US,en-US,False,False,False,youtube,1280.0,720.0,1.7777777777777777,False,19,5
meme Shorts12,17.29901178131629,9,meme Shorts,12,trending,v0.3.1,2025-11-12T04:41:21.987577+00:00,UC12TMMfAnTc8Hp0iEtexPeg,Picverse,@picverse,US,2009-12-18T23:17:06Z,62.0,210000.0,289.0,False,5807.2251850414,49,0,0,True,True,False,3,19.0,en,ko,False,False,False,youtube,1280.0,720.0,1.7777777777777777,False,6,5
recipe Shorts15,17.191866667653464,0,recipe Shorts,15,core,v0.3.1,2025-11-12T04:41:21.987577+00:00,UCQQxzH_3xkeX25kdWTc5Xiw,amateurprochef ,@amateurprochef,,2023-01-13T03:34:41.435262Z,0.0,510000.0,94.0,False,1034.046302688831,38,0,1,True,True,False,1,43.0,en,en,False,True,False,youtube,1280.0,720.0,1.7777777777777777,False,14,3
fashion Shorts4,13.879826241775453,4,fashion Shorts,4,core,v0.3.1,2025-11-12T04:41:21.987577+00:00,UCvigou2_h-osZl7XMfQmiXQ,Lyra Belle,@lyrabelle-k5x,US,2025-08-18T20:19:00.989997Z,878.0,60100.0,113.0,False,85.34885413865742,98,1671,7,True,False,False,24,35.0,en,en,False,True,False,youtube,1280.0,720.0,1.7777777777777777,False,14,6
music Shorts14,15.949475440560212,1,music Shorts,14,core,v0.3.1,2025-11-12T04:41:21.987577+00:00,UC7lYefsdDK-EXeZFtctdwfg,Short Trends,@shortwithtrends,,2023-12-31T15:32:52.448907Z,332.0,73400.0,171.0,False,681.5475641049769,87,0,2,True,True,False,7,16.0,en,en,False,False,False,youtube,1280.0,720.0,1.7777777777777777,False,13,2
recipe Shorts14,14.68515277070922,8,recipe Shorts,14,core,v0.3.1,2025-11-12T04:41:21.987577+00:00,UCmTQtnWwOJjwR2CJbRsMHuw,carole ,@carolefood,,2023-03-12T19:49:24.764233Z,56.0,23700.0,253.0,False,975.3694123072222,32,33,0,True,True,False,2,13.0,en,en,False,False,False,youtube,1280.0,720.0,1.7777777777777777,False,18,0
motivational Shorts9,14.933188274158999,6,motivational Shorts,9,core,v0.3.1,2025-11-12T04:41:21.987577+00:00,UCng_wuILAf9Vqw1nW4pdydw,Success Motivex,@success_motivex,IN,2024-06-30T13:50:48.581389Z,462.0,52000.0,676.0,False,499.6184422012501,72,72,4,True,True,False,12,10.0,en,en,False,False,False,youtube,1280.0,720.0,1.7777777777777777,False,6,0
remix Shorts2,18.943555342401993,4,remix Shorts,2,trending,v0.3.1,2025-11-12T04:41:21.987577+00:00,UCxuBvuxd7lU7fx-8aactdVA,mercuri_88,@mercuri_88,IT,2007-04-08T16:17:58Z,247.0,15400000.0,1664.0,False,6792.516249856215,39,214,0,True,True,False,16,15.0,en,en,False,True,False,youtube,640.0,480.0,1.3333333333333333,False,14,2
challenge Shorts2,18.834583977400797,4,challenge Shorts,2,trending,v0.3.1,2025-11-12T04:41:21.987577+00:00,UCI_OvtzK82eTL8KIRQ8G_EA,Candy Superstar,@candy.superstar,,2022-04-20T17:28:18.374184Z,2.0,15400000.0,491.0,False,1301.4674029327894,86,0,1,True,True,False,6,26.0,en,en,False,True,False,youtube,1280.0,720.0,1.7777777777777777,False,15,3
fashion Shorts14,15.916728757651123,1,fashion Shorts,14,core,v0.3.1,2025-11-12T04:41:21.987577+00:00,UCIJwWYOfsCfz6PjxbONYXSg,blogilates,@blogilates,US,2009-06-13T09:05:48Z,996.0,10900000.0,1426.0,False,5995.8163655969565,97,1085,1,True,True,False,4,13.0,en,en,False,False,False,youtube,480.0,360.0,1.3333333333333333,False,17,4
meme Shorts11,16.10837627043407,9,meme Shorts,11,trending,v0.3.1,2025-11-12T04:41:21.987577+00:00,UC4NNuGswJ4Ssum_LZEWh9Ig,Mango Edits üè≥Ô∏è‚Äçüåà,@-mangoedits,,2022-11-01T00:21:58.382722Z,0.0,29900.0,62.0,False,1107.1801343154514,33,0,0,True,True,False,3,54.0,en,en,False,False,False,youtube,1280.0,720.0,1.7777777777777777,False,0,1
fashion Shorts7,16.58555222671556,8,fashion Shorts,7,core,v0.3.1,2025-11-12T04:41:21.987577+00:00,UCLwrBGJ88I4te5_J1z9amxQ,IamSimplyMorgan,@iamsimplymorgan,US,2012-07-07T21:50:57Z,259.0,90000.0,655.0,False,4875.285011430289,54,0,0,False,False,False,0,8.0,en,en,False,True,False,youtube,1280.0,720.0,1.7777777777777777,False,17,1
fashion Shorts6,16.683130102809972,8,fashion Shorts,6,core,v0.3.1,2025-11-12T04:41:21.987577+00:00,UCLwrBGJ88I4te5_J1z9amxQ,IamSimplyMorgan,@iamsimplymorgan,US,2012-07-07T21:50:57Z,259.0,90000.0,655.0,False,4875.285011430289,54,0,0,False,False,False,0,9.0,en,en,False,True,False,youtube,1280.0,720.0,1.7777777777777777,False,23,0
recipe Shorts17,14.681278225063668,1,recipe Shorts,17,core,v0.3.1,2025-11-12T04:41:21.987577+00:00,UChKpzsAGpmLx0-3O3ObDZKw,Crunchy Treats,@crunchytreatss,,2023-06-11T17:51:47.289379Z,70.0,1960000.0,340.0,False,884.4510960439584,93,93,0,True,True,False,14,21.0,en,en,False,True,False,youtube,1280.0,720.0,1.7777777777777777,False,6,5
motivational Shorts19,14.341139864509215,7,motivational Shorts,19,core,v0.3.1,2025-11-12T04:41:21.987577+00:00,UCgeTw13HsODBe1e19x18_ZA,Deeper Lines,@deeperlines,IN,2022-11-22T15:03:36.653934Z,953.0,39200.0,87.0,False,1085.5678858060533,79,1573,5,True,True,False,32,16.0,en-IN,en-US,False,False,False,youtube,1280.0,720.0,1.7777777777777777,False,13,4
challenge Shorts3,18.869632261871768,7,challenge Shorts,3,trending,v0.3.1,2025-11-12T04:41:21.987577+00:00,UCm4FUt0uVITowfThQhs0NNQ,The Faith Family,@thefaithfamilyyt,US,2019-04-22T18:45:53Z,159.0,7050000.0,930.0,False,2395.413529948808,41,24,1,True,False,False,3,31.0,en,en,False,True,False,youtube,1280.0,720.0,1.7777777777777777,False,5,6
tech Shorts4,12.776563372097899,0,tech Shorts,4,core,v0.3.1,2025-11-12T04:41:21.987577+00:00,UCBbeXVY55K5estTHrKWJ5Yg,Tech FC Shorts,@techfcshorts,IN,2018-03-27T17:46:31Z,90.0,8350000.0,740.0,False,2786.45475680066,37,0,0,True,True,False,2,40.0,hi,hi,False,True,False,youtube,1280.0,720.0,1.7777777777777777,False,13,4
viral Shorts14,10.30471034138616,5,viral Shorts,14,trending,v0.3.1,2025-11-12T04:41:21.987577+00:00,UCuR8L5fK6ZXyApcL7vMcv0g,Robert Benjamin,@robertbenjaminchannel,US,2019-12-08T02:19:19.451557Z,395.0,865000.0,1495.0,False,2166.0986404631944,46,154,0,True,True,False,1,41.0,en,en,False,True,False,youtube,1280.0,720.0,1.7777777777777777,False,15,5
funny Shorts4,17.32350135818837,0,funny Shorts,4,core,v0.3.1,2025-11-12T04:41:21.987577+00:00,UC5apxzE3aEOpvP0XkeuW8mw,Bobby chourasiya,@bobbyprankster,,2019-01-25T09:02:15Z,0.0,31700000.0,704.0,False,2482.818830874733,30,0,2,True,True,False,2,60.0,en,hi,False,True,False,youtube,1280.0,720.0,1.7777777777777777,False,14,2
recipe Shorts7,16.236463759870407,6,recipe Shorts,7,core,v0.3.1,2025-11-12T04:41:21.987577+00:00,UCjrn0zGzkyTg4_2r780S8hw,Adventures in cooking recipes ü§†,@cooking-ho5kl,,2023-11-03T08:53:37.308904Z,0.0,57200.0,2665.0,False,739.8248226698264,77,0,2,True,True,False,2,10.0,en,en,False,False,False,youtube,1280.0,720.0,1.7777777777777777,False,9,6
trending Shorts20,14.241084782343785,4,trending Shorts,20,trending,v0.3.1,2025-11-12T04:41:21.987577+00:00,UCV_1mFQTP7DGNsZ09AYfKrg,rona ytv,@ronaytv,,2020-12-22T04:02:31.664338Z,93.0,124000.0,8905.0,False,1786.0269713337848,51,0,0,True,True,False,4,5.0,en,und,False,True,False,youtube,1280.0,720.0,1.7777777777777777,False,4,6
ai Shorts11,16.524920167984675,2,ai Shorts,11,trending,v0.3.1,2025-11-12T04:41:21.987577+00:00,UCGsZn77cdLeyrj9_Ek2Jibg,SagamaCH,@sagamach,US,2025-06-18T08:08:58.906349Z,277.0,407000.0,84.0,False,146.85582269939815,62,0,1,True,True,False,2,56.0,en,en,False,False,False,youtube,1280.0,720.0,1.7777777777777777,False,19,6
tech Shorts18,13.84928763522667,0,tech Shorts,18,core,v0.3.1,2025-11-12T04:41:21.987577+00:00,UCBbeXVY55K5estTHrKWJ5Yg,Tech FC Shorts,@techfcshorts,IN,2018-03-27T17:46:31Z,90.0,8350000.0,740.0,False,2786.45475680066,42,42,0,True,True,False,4,42.0,hi,hi,False,True,False,youtube,1280.0,720.0,1.7777777777777777,False,15,6
gaming Shorts7,19.174418974000496,5,gaming Shorts,7,core,v0.3.1,2025-11-12T04:41:21.987577+00:00,UCATWUurs5SImDMX_prUtxng,Matt Larose,@matt.larose,CA,2010-07-05T04:07:20Z,75.0,21100000.0,223.0,False,5609.023634115475,41,65,1,True,True,False,3,28.0,en,en,False,True,False,youtube,1280.0,720.0,1.7777777777777777,False,12,3
travel Shorts6,17.293251393585166,1,travel Shorts,6,core,v0.3.1,2025-11-12T04:41:21.987577+00:00,UCLuIEyIzJXnSsAAGupcJwxQ,Explore the World,@travel_motherearth,IN,2020-09-05T03:06:38.417684Z,536.0,409000.0,246.0,False,1894.0657820589468,39,167,2,True,True,False,16,16.0,en,en,False,False,False,youtube,1280.0,720.0,1.7777777777777777,False,18,2
random Shorts7,19.383317321749296,4,random Shorts,7,trending,v0.3.1,2025-11-12T04:41:21.987577+00:00,UCvQBEMERVWcQv-fq3KefyEw,DrawPaw,@draw-paw,US,2023-06-21T14:09:30.9698Z,432.0,1630000.0,2002.0,False,874.6054515946412,50,115,3,True,True,True,4,59.0,en-US,en-US,False,True,False,youtube,1280.0,720.0,1.7777777777777777,False,15,4
educational Shorts8,18.38159587517182,1,educational Shorts,8,core,v0.3.1,2025-11-12T04:41:21.987577+00:00,UCVu_gvle_jxEJ-OJbBlqgRg,Skyworld Animation Studio,@skyworldanimationstudio,IN,2018-05-27T14:39:52Z,227.0,1530000.0,428.0,False,2725.584374856215,47,0,0,True,True,False,4,8.0,en-GB,en-GB,False,True,False,youtube,1280.0,720.0,1.7777777777777777,False,4,4
travel Shorts16,14.08710669266441,8,travel Shorts,16,core,v0.3.1,2025-11-12T04:41:21.987577+00:00,UCONV1lE5ZASa-7rYeXHw_fQ,Holly Lolly,@hollylolly,US,2023-02-11T11:54:57.219957Z,154.0,190000.0,1440.0,False,1004.6988977733796,61,68,1,True,True,False,4,51.0,en,en,False,True,False,youtube,1280.0,720.0,1.7777777777777777,False,21,6
storytime Shorts4,13.671606699685938,2,storytime Shorts,4,trending,v0.3.1,2025-11-12T04:41:21.987577+00:00,UC78ZkeMTtWhTjbfkZLVdpbA,Super stories,@superstories-p2r,US,2024-12-09T12:06:58.554356Z,180.0,1850.0,62.0,False,337.6905489956134,96,96,0,True,True,False,8,49.0,en,en,False,False,False,youtube,1280.0,720.0,1.7777777777777777,False,2,1
challenge Shorts10,16.846303461203426,5,challenge Shorts,10,trending,v0.3.1,2025-11-12T04:41:21.987577+00:00,UCVidr_Df7gMAcLB2HBe1ZOA,Wake'N'Bite,@wakenbite,IN,2017-06-02T14:45:44Z,580.0,6530000.0,2209.0,False,3084.580300782141,92,573,4,True,True,True,9,18.0,en,en,False,True,False,youtube,1280.0,720.0,1.7777777777777777,False,5,4
storytime Shorts5,13.833568526973972,2,storytime Shorts,5,trending,v0.3.1,2025-11-12T04:41:21.987577+00:00,UCpHpLD-URpThtttHTxefZ4A,Starter Stories,@starterstoriess,US,2024-05-04T03:51:38.57293Z,704.0,214000.0,2003.0,False,557.034530262118,97,750,2,True,True,False,3,169.0,en,en,False,True,False,youtube,1280.0,720.0,1.7777777777777777,False,0,0
educational Shorts9,16.011954942140054,4,educational Shorts,9,core,v0.3.1,2025-11-12T04:41:21.987577+00:00,UCRci_hRO6HhVp9xZwwHr4fw,Gouri Shiv Education ,@gouri1991,IN,2024-05-12T14:14:30.514976Z,241.0,35000.0,1112.0,False,548.6019846365856,100,19,0,True,True,False,10,16.0,en,hi,False,False,False,youtube,1280.0,720.0,1.7777777777777777,False,10,5
travel Shorts17,17.483494641455454,0,travel Shorts,17,core,v0.3.1,2025-11-12T04:41:21.987577+00:00,UC18fv3yDege-nPN5zO48eHg,Kyle Nutt,@kylenutt,US,2011-12-13T03:17:11Z,165.0,4160000.0,352.0,False,5083.058460504364,96,0,2,True,True,False,6,13.0,en,en,False,True,False,youtube,640.0,480.0,1.3333333333333333,False,13,4
random Shorts6,18.961538587976992,8,random Shorts,6,trending,v0.3.1,2025-11-12T04:41:21.987577+00:00,UCOicc9kd58k_XR3D7bTx8oA,Rico Animations,@ricoanimations0,UG,2021-06-24T23:32:27.408362Z,324.0,12800000.0,763.0,False,1601.214520592766,96,475,5,True,True,False,1,9.0,en-US,en-US,False,True,False,youtube,1280.0,720.0,1.7777777777777777,False,13,1
random Shorts16,16.426532691203725,2,random Shorts,16,trending,v0.3.1,2025-11-12T04:41:21.987577+00:00,UCuwJoiGWRxPYStBp0l0WuZw,Luke Davidson,@lukedavidson81,CA,2012-01-09T19:05:33Z,193.0,17700000.0,1790.0,False,5055.3998725414,44,60,0,True,True,False,2,11.0,en,en,False,True,False,youtube,1280.0,720.0,1.7777777777777777,False,15,2
travel Shorts7,13.055169600860813,3,travel Shorts,7,core,v0.3.1,2025-11-12T04:41:21.987577+00:00,UCdButYB7G9nNbRvyCvxyEzA,Travel Pleasure,@travelpleasure.,IT,2024-04-11T19:32:21.522183Z,226.0,1190.0,10.0,False,579.3812553865046,45,29,0,True,True,False,2,18.0,en,en,False,False,False,youtube,1280.0,720.0,1.7777777777777777,False,15,5
gaming Shorts6,17.744039684747094,8,gaming Shorts,6,core,v0.3.1,2025-11-12T04:41:21.987577+00:00,UCVxR8M2OeHf4BdKzzzpz83A,Saksham Magic,@sakshammagic,AU,2015-02-08T02:38:01Z,924.0,5750000.0,2271.0,False,3930.0856595784376,40,0,1,True,True,False,1,20.0,en,en,False,True,False,youtube,1280.0,720.0,1.7777777777777777,False,3,3
ai Shorts10,18.433255262275136,1,ai Shorts,10,trending,v0.3.1,2025-11-12T04:41:21.987577+00:00,UCqR712kwyOo8El6Wu58x1sw,Ai Shorts,@aishorts703,US,2025-02-17T08:54:14.123121Z,554.0,101000.0,505.0,False,267.82439657935186,53,393,7,True,False,True,18,6.0,en,en,False,True,False,youtube,1280.0,720.0,1.7777777777777777,False,10,2
viral Shorts15,16.707235400029035,5,viral Shorts,15,trending,v0.3.1,2025-11-12T04:41:21.987577+00:00,UCyGz6zqMDi7CVwQcWA-DnSA,Lottie Weaver,@lottieweaver,,2023-10-02T19:49:45.585556Z,60.0,986000.0,883.0,False,771.3691713196874,42,0,2,True,True,False,5,13.0,en,en,False,True,False,youtube,1280.0,720.0,1.7777777777777777,False,15,6
tech Shorts5,18.061746134605965,3,tech Shorts,5,core,v0.3.1,2025-11-12T04:41:21.987577+00:00,UCsEzRn6gjCHpC5ddx1MEgUQ,AK Tech Shorts,@aktechshorts,IN,2021-11-06T18:54:18.892597Z,171.0,2570000.0,3262.0,False,1466.4076747104166,43,0,0,True,True,False,1,45.0,en,en,False,True,False,youtube,1280.0,720.0,1.7777777777777777,False,16,3
recipe Shorts4,19.82221555221666,4,recipe Shorts,4,core,v0.3.1,2025-11-12T04:41:21.987577+00:00,UCUWNgAYGX_AcZWahMHShx5g,foodiebeats,@foodiebeats,DE,2021-02-02T17:09:28.416929Z,179.0,2450000.0,402.0,False,1743.4804811417594,85,186,0,True,True,False,3,9.0,en,de-DE,False,True,False,youtube,1280.0,720.0,1.7777777777777777,False,15,1
trending Shorts3,17.02287457550921,1,trending Shorts,3,trending,v0.3.1,2025-11-12T04:41:21.987577+00:00,UCWJTYHtwinZAoibFPGGnfzQ,Romina Gafur,@romina,US,2015-05-24T02:21:16Z,79.0,6620000.0,3817.0,False,3825.097291522882,25,0,0,True,True,False,1,14.0,en,en,False,True,False,youtube,1280.0,720.0,1.7777777777777777,False,1,6
travel Shorts5,14.758051323165619,8,travel Shorts,5,core,v0.3.1,2025-11-12T04:41:21.987577+00:00,UC9So_iTbqQP1FKnEpr7T64g,Cofoundrclub,@tripiwise,US,2023-01-13T15:52:51.813778Z,792.0,36100.0,45.0,False,1033.533682567118,36,0,0,True,True,False,2,15.0,en,en,False,False,False,youtube,1280.0,720.0,1.7777777777777777,False,1,6
gaming Shorts4,17.048956796923232,5,gaming Shorts,4,core,v0.3.1,2025-11-12T04:41:21.987577+00:00,UCuwJoiGWRxPYStBp0l0WuZw,Luke Davidson,@lukedavidson81,CA,2012-01-09T19:05:33Z,193.0,17700000.0,1790.0,False,5055.3998725414,30,30,0,True,True,False,2,54.0,en,en,False,True,False,youtube,1280.0,720.0,1.7777777777777777,False,15,3
random Shorts14,17.741579554971004,8,random Shorts,14,trending,v0.3.1,2025-11-12T04:41:21.987577+00:00,UC8lk1PidR1QY0jlphsYJqtw,ROCK SQUAD,@therocksquad,US,2015-10-07T21:30:32Z,998.0,4540000.0,938.0,False,3688.299189671032,41,447,1,True,True,False,10,12.0,en,en,False,True,False,youtube,1280.0,720.0,1.7777777777777777,False,20,3
random Shorts4,18.368295453554136,6,random Shorts,4,trending,v0.3.1,2025-11-12T04:41:21.987577+00:00,UCQZi2YXSxc6BSK4mZHql8ag,SportsNation,@sportsnation,US,2009-06-28T15:01:52Z,0.0,18300000.0,7028.0,False,5980.569097078438,26,343,7,True,True,False,1,17.0,en,en,False,True,False,youtube,1280.0,720.0,1.7777777777777777,False,20,3
travel Shorts15,16.177343796453975,0,travel Shorts,15,core,v0.3.1,2025-11-12T04:41:21.987577+00:00,UCvnI1FIgFs5RQfv4RrH2FQA,Mitesh Patil,@mitz_patil,,2013-04-01T10:49:01Z,151.0,3460000.0,767.0,False,4607.744687356216,97,0,2,True,True,False,4,27.0,en,hi,False,True,False,youtube,1280.0,720.0,1.7777777777777777,False,15,3
challenge Shorts13,16.074341131620557,0,challenge Shorts,13,trending,v0.3.1,2025-11-12T04:41:21.987577+00:00,UC2ViPu8EVMP8Eo1Ob7yWEkg,NRFM-VLOGS,@nrfmvlogs,IN,2021-02-26T14:12:35.629333Z,837.0,12100000.0,2049.0,False,1719.6033143315278,96,0,1,True,True,False,9,42.0,en-IN,ta,False,True,False,youtube,1280.0,720.0,1.7777777777777777,False,11,4
travel Shorts14,15.54144036177549,9,travel Shorts,14,core,v0.3.1,2025-11-12T04:41:21.987577+00:00,UCY4M-oGyPZrZ5HUp5G9Cyfg,Maldives Arena,@maldivesarena,GE,2020-07-27T08:48:51.736848Z,129.0,60300.0,350.0,False,1933.828127901956,70,858,2,True,True,False,5,10.0,en,en,False,True,False,youtube,1280.0,720.0,1.7777777777777777,False,19,0
storytime Shorts6,16.15524219527913,2,storytime Shorts,6,trending,v0.3.1,2025-11-12T04:41:21.987577+00:00,UCgeit8Z93GU92Tw-XNF2yfw,ElliotSimms,@elliotsimms,US,2020-07-08T01:00:55.868244Z,52.0,4300000.0,2612.0,False,1953.1530800848727,53,0,1,True,True,False,2,60.0,en,en,False,True,False,youtube,1280.0,720.0,1.7777777777777777,False,1,5
random Shorts5,18.787117948584935,7,random Shorts,5,trending,v0.3.1,2025-11-12T04:41:21.987577+00:00,UCjdrGjv4bGt5HvApBe1HADQ,EBB Super Star,@ebbsuperstar,US,2023-08-17T23:18:51.903002Z,311.0,5280000.0,3147.0,False,817.2239593122106,98,0,1,True,True,False,7,20.0,en,en,False,True,False,youtube,1280.0,720.0,1.7777777777777777,False,19,5
random Shorts15,17.54394494821892,8,random Shorts,15,trending,v0.3.1,2025-11-12T04:41:21.987577+00:00,UCuwJoiGWRxPYStBp0l0WuZw,Luke Davidson,@lukedavidson81,CA,2012-01-09T19:05:33Z,193.0,17700000.0,1790.0,False,5055.3998725414,23,0,0,True,True,False,1,11.0,en,en,False,True,False,youtube,1280.0,720.0,1.7777777777777777,False,15,0
music Shorts7,15.587526568145673,1,music Shorts,7,core,v0.3.1,2025-11-12T04:41:21.987577+00:00,UCqmJBb4xX2z-2oCHs7qrZ9w,Umair broken ‚ö†Ô∏è,@mt15uk,IN,2023-08-04T03:13:19.537816Z,22.0,1950.0,41.0,False,831.0611394648264,53,71,8,True,True,False,7,5.0,en,hi,False,False,False,youtube,1280.0,720.0,1.7777777777777777,False,15,6
gaming Shorts5,18.996290683645913,1,gaming Shorts,5,core,v0.3.1,2025-11-12T04:41:21.987577+00:00,UC7uhcHVheP01TNdlqFv3rXQ,ARINA and Family ,@arinaandfamily,US,2019-02-26T10:51:41Z,183.0,4080000.0,1932.0,False,2450.7428355043635,55,0,0,True,True,False,1,14.0,en,hi,False,True,False,youtube,1280.0,720.0,1.7777777777777777,False,11,2
travel Shorts4,17.162524015250316,8,travel Shorts,4,core,v0.3.1,2025-11-12T04:41:21.987577+00:00,UCXXvOMN_74Jad119ybNce8g,The Travel Shack,@thetravelshack,CA,2022-09-21T01:33:23.875226Z,79.0,577000.0,555.0,False,1148.1305337077663,79,1400,0,True,True,False,33,16.0,en,en,False,True,False,youtube,1280.0,720.0,1.7777777777777777,False,15,3
ai Shorts13,16.895174842958067,3,ai Shorts,13,trending,v0.3.1,2025-11-12T04:41:21.987577+00:00,UCRNNNaeTvyqoME-PWeQB2xw,Star Zap ASMR,@starzapasmr,BD,2025-05-28T17:29:27.360208Z,885.0,18200.0,113.0,False,167.4666044834375,83,1224,15,True,False,False,6,9.0,en,en,False,False,False,youtube,1280.0,720.0,1.7777777777777777,False,15,4
trending Shorts2,16.53787889688363,4,trending Shorts,2,trending,v0.3.1,2025-11-12T04:41:21.987577+00:00,UC8lk1PidR1QY0jlphsYJqtw,ROCK SQUAD,@therocksquad,US,2015-10-07T21:30:32Z,998.0,4540000.0,938.0,False,3688.299189671032,41,385,3,True,True,False,3,10.0,en,en,False,True,False,youtube,1280.0,720.0,1.7777777777777777,False,19,5
recipe Shorts5,16.2712139123107,7,recipe Shorts,5,core,v0.3.1,2025-11-12T04:41:21.987577+00:00,UCiE57zg8KxrZpV_eWMjluVA,Carleigh Bodrug,@plantyou,CA,2017-10-24T16:22:51Z,61.0,1310000.0,514.0,False,2940.512858652512,29,53,1,True,True,False,2,25.0,en-US,en-CA,False,True,False,youtube,1280.0,720.0,1.7777777777777777,False,16,5
funny Shorts6,17.024624692185622,6,funny Shorts,6,core,v0.3.1,2025-11-12T04:41:21.987577+00:00,UC2qKQjnZI_tnG7XemGBOHxQ,Jeffrey X,@jeffreyxreacts,KR,2022-09-13T14:40:57.947075Z,257.0,6620000.0,1588.0,False,1155.5836115798843,56,0,1,True,True,False,3,53.0,en,en,False,True,False,youtube,1280.0,720.0,1.7777777777777777,False,13,3
tech Shorts2,17.365231962323193,1,tech Shorts,2,core,v0.3.1,2025-11-12T04:41:21.987577+00:00,UCmnAYZuQh_QEy_B5jtMNeug,Your Mahbub,@yourmahbub,KW,2013-08-11T16:59:47Z,152.0,104000.0,111.0,False,4475.487210504363,59,59,2,True,True,False,10,13.0,en,bn,False,False,False,youtube,1280.0,720.0,1.7777777777777777,False,7,2
viral Shorts12,19.20557189841123,7,viral Shorts,12,trending,v0.3.1,2025-11-12T04:41:21.987577+00:00,UCt01CYW2LGF34rNt_OIgOlA,SG Funny Family,@sgfunnyfamily,IN,2024-09-03T07:13:12.601913Z,39.0,642000.0,409.0,False,434.8945530748149,44,35,2,True,True,False,6,17.0,en,en,False,True,False,youtube,1280.0,720.0,1.7777777777777777,False,5,1
funny Shorts2,18.469642245823607,9,funny Shorts,2,core,v0.3.1,2025-11-12T04:41:21.987577+00:00,UC77xNOzWNYsS8dP2HSkjEEw,Slot Sosyeteler,@slotsosyeteler,GE,2024-12-01T17:32:46.665568Z,465.0,1950000.0,165.0,False,345.4642977084375,77,171,6,True,True,True,19,53.0,en,en,False,False,False,youtube,1280.0,720.0,1.7777777777777777,False,12,1
recipe Shorts1,17.687835686814775,3,recipe Shorts,1,core,v0.3.1,2025-11-12T04:41:21.987577+00:00,UCI78AdiI6f7VKhqW1i4B3Rw,Zach Choi,@zachchoi,US,2014-07-05T04:46:49Z,63.0,33400000.0,1861.0,False,4147.996215133993,27,112,0,True,True,False,6,20.0,en,en,False,True,False,youtube,1280.0,720.0,1.7777777777777777,False,1,0
reaction Shorts18,16.831322087215945,6,reaction Shorts,18,trending,v0.3.1,2025-11-12T04:41:21.987577+00:00,UC2qKQjnZI_tnG7XemGBOHxQ,Jeffrey X,@jeffreyxreacts,KR,2022-09-13T14:40:57.947075Z,257.0,6620000.0,1588.0,False,1155.5836115798843,55,0,1,True,True,False,3,56.0,en,en,False,True,False,youtube,1280.0,720.0,1.7777777777777777,False,17,6
trending Shorts6,15.33063097771711,8,trending Shorts,6,trending,v0.3.1,2025-11-12T04:41:21.987577+00:00,UCuAJ0ewzavRYzZfDpWM7WSw,diyafavas_official,@diyafavas_official,IN,2016-11-08T16:19:39Z,745.0,6410000.0,1061.0,False,3290.515080874734,86,0,3,True,True,False,9,24.0,ml,ml,False,True,False,youtube,1280.0,720.0,1.7777777777777777,False,6,5
gaming Shorts1,18.11831457255918,8,gaming Shorts,1,core,v0.3.1,2025-11-12T04:41:21.987577+00:00,UCz5osAvTYFKjb6Kjcep6vXA,The Land Of Boggs,@thelandofboggs,US,2021-04-15T19:36:20.666224Z,26.0,9520000.0,617.0,False,1671.3784875156596,18,81,0,True,True,False,10,15.0,en,en,False,True,False,youtube,1280.0,720.0,1.7777777777777777,False,14,4
random Shorts1,17.465426445859823,2,random Shorts,1,trending,v0.3.1,2025-11-12T04:41:21.987577+00:00,UC6it9nf-sLW6ps3bOTefYag,repilus,@repilus,AE,2014-08-02T07:15:36Z,898.0,618000.0,569.0,False,4119.892893374734,79,404,2,True,True,False,21,10.0,en-US,en-US,False,True,False,youtube,1280.0,720.0,1.7777777777777777,False,17,3
random Shorts11,17.19384758825313,4,random Shorts,11,trending,v0.3.1,2025-11-12T04:41:21.987577+00:00,UCuwJoiGWRxPYStBp0l0WuZw,Luke Davidson,@lukedavidson81,CA,2012-01-09T19:05:33Z,193.0,17700000.0,1790.0,False,5055.3998725414,40,40,0,True,True,False,2,33.0,en,en,False,True,False,youtube,1280.0,720.0,1.7777777777777777,False,17,1
storytime Shorts2,14.644434795256556,2,storytime Shorts,2,trending,v0.3.1,2025-11-12T04:41:21.987577+00:00,UCSnPqfpE_HEWe5BRSuXz_3g,Reddit Book,@redditbook,US,2023-11-26T10:29:49.934333Z,49.0,129000.0,852.0,False,716.7580098755093,65,0,2,True,True,False,1,60.0,en-US,en-US,False,True,False,youtube,1280.0,720.0,1.7777777777777777,False,15,4
travel Shorts10,15.895247431029503,3,travel Shorts,10,core,v0.3.1,2025-11-12T04:41:21.987577+00:00,UC1OqFNGQe7k6iJuBuPGUyhg,Manasi Mau,@manasimau,IN,2017-06-28T14:07:34Z,361.0,681000.0,902.0,False,3058.606805411771,56,0,1,True,True,False,3,12.0,en,en,False,True,False,youtube,1280.0,720.0,1.7777777777777777,False,13,3
challenge Shorts16,17.602602816099118,0,challenge Shorts,16,trending,v0.3.1,2025-11-12T04:41:21.987577+00:00,UCUeHUOy5fwWXaCJwzw-UiPw,The Savage Square,@savagesquare,IN,2024-06-26T04:28:57.937521Z,145.0,2970000.0,187.0,False,504.008611690463,58,0,1,True,True,False,3,87.0,en,hi,False,True,False,youtube,1280.0,720.0,1.7777777777777777,False,10,5
travel Shorts11,15.93527328878228,8,travel Shorts,11,core,v0.3.1,2025-11-12T04:41:21.987577+00:00,UC1OqFNGQe7k6iJuBuPGUyhg,Manasi Mau,@manasimau,IN,2017-06-28T14:07:34Z,361.0,681000.0,902.0,False,3058.606805411771,44,0,1,True,True,False,3,6.0,en,en,False,True,False,youtube,1280.0,720.0,1.7777777777777777,False,15,1
random Shorts10,16.667978801486495,6,random Shorts,10,trending,v0.3.1,2025-11-12T04:41:21.987577+00:00,UC73sF-7Ihcs1HpnXEEXZ2ew,Brooke Monk,@brookemonk,US,2019-07-29T21:31:17Z,63.0,10000000.0,4202.0,False,2297.298668837697,59,0,0,True,True,False,6,14.0,en,en,False,True,False,youtube,1280.0,720.0,1.7777777777777777,False,21,5
ai Shorts16,12.842985397009453,3,ai Shorts,16,trending,v0.3.1,2025-11-12T04:41:21.987577+00:00,UCbHrKdwiqf9PWfFxGJWAw8w,Top Scrolls,@top.scrollss,US,2025-05-14T12:42:18.336057Z,454.0,1240.0,25.0,False,181.6660144851852,56,931,7,True,True,False,7,40.0,en,en,False,False,False,youtube,1280.0,720.0,1.7777777777777777,False,16,2
funny Shorts3,16.424503153090136,9,funny Shorts,3,core,v0.3.1,2025-11-12T04:41:21.987577+00:00,UC9vVKzlbWF2hMUEx2LdK_JQ,RankReactor,@rankreactor,,2023-08-19T15:16:31.441898Z,94.0,37600.0,65.0,False,815.5589183527662,86,0,1,True,True,False,4,60.0,en,en,False,False,False,youtube,1280.0,720.0,1.7777777777777777,False,0,5
funny Shorts1,16.551861229487436,9,funny Shorts,1,core,v0.3.1,2025-11-12T04:41:21.987577+00:00,UCLBaN1OGRZG_pZ-Y5PQ_ZNQ,Norms Rankings,@normsrankings,PH,2025-06-07T01:51:28.887728Z,342.0,153000.0,157.0,False,158.11797569269677,83,872,11,True,True,False,14,58.0,en,en,False,True,False,youtube,1280.0,720.0,1.7777777777777777,False,23,4
tech Shorts1,18.235871431258197,3,tech Shorts,1,core,v0.3.1,2025-11-12T04:41:21.987577+00:00,UCglXlpWjIi95auM3umWWLdw,Tech Master Shorts,@techmastershort,IN,2021-07-24T13:30:30.530446Z,265.0,25500000.0,1377.0,False,1571.6325400130902,45,676,4,True,True,False,3,36.0,en,pa,False,True,False,youtube,1280.0,720.0,1.7777777777777777,False,10,6
viral Shorts11,19.026538461587645,9,viral Shorts,11,trending,v0.3.1,2025-11-12T04:41:21.987577+00:00,UCx76ohZQAis5ZOcY6U14YHA,RespectGo End ,@respectgoend,IN,2023-05-12T05:39:56.972324Z,379.0,1170000.0,374.0,False,914.959317306169,42,1150,15,True,True,False,13,35.0,en,hi,False,True,False,youtube,1280.0,720.0,1.7777777777777777,False,2,5
recipe Shorts2,17.416471714869825,7,recipe Shorts,2,core,v0.3.1,2025-11-12T04:41:21.987577+00:00,UCe0V40nSRlvKca_Ab0qmiDw,not a cook,@notacookofficial,IN,2022-09-22T15:10:23.536374Z,0.0,3000000.0,418.0,False,1146.5631765185533,31,65,2,True,True,False,8,18.0,en,zxx,False,True,False,youtube,1280.0,720.0,1.7777777777777777,False,12,2
ai Shorts14,12.374329083999294,9,ai Shorts,14,trending,v0.3.1,2025-11-12T04:41:21.987577+00:00,UCRNoIMprJyki2M9dQyQKGLw,Bigfoot Feed,@bigfootfeed,CA,2017-08-31T21:31:11Z,736.0,49700.0,129.0,False,2994.298738282141,50,195,0,True,True,False,20,56.0,en,en,False,True,False,youtube,1280.0,720.0,1.7777777777777777,False,20,3
gaming Shorts2,17.194944899977052,9,gaming Shorts,2,core,v0.3.1,2025-11-12T04:41:21.987577+00:00,UCuALfQGHNTaWvKWzxQX7nKQ,MC Squared90,@mcsquared90,US,2015-09-24T19:00:03Z,121.0,3940000.0,1343.0,False,3701.403691985845,61,0,0,True,False,False,5,23.0,en,en,False,True,False,youtube,1280.0,720.0,1.7777777777777777,False,21,3
travel Shorts3,16.930751887854683,1,travel Shorts,3,core,v0.3.1,2025-11-12T04:41:21.987577+00:00,UCJ2dAQY0dktuFJ9GMaCKobA,GreenFX World ,@greenfxworld,IN,2024-07-05T11:24:12.573191Z,455.0,452000.0,17.0,False,494.7202478516898,85,85,0,True,True,False,10,18.0,en,en,False,False,False,youtube,1280.0,720.0,1.7777777777777777,False,1,5
random Shorts2,18.160227252794275,4,random Shorts,2,trending,v0.3.1,2025-11-12T04:41:21.987577+00:00,UC73sF-7Ihcs1HpnXEEXZ2ew,Brooke Monk,@brookemonk,US,2019-07-29T21:31:17Z,63.0,10000000.0,4202.0,False,2297.298668837697,40,0,0,True,True,False,5,49.0,en,en,False,True,False,youtube,1280.0,720.0,1.7777777777777777,False,21,1
random Shorts12,16.304154797586495,1,random Shorts,12,trending,v0.3.1,2025-11-12T04:41:21.987577+00:00,UCVVMMNVUwHbxljqi-xZ-jig,Triple Charm,@triplecharm,US,2019-05-07T02:57:11Z,84.0,13500000.0,1597.0,False,2381.0723493932524,50,0,0,True,True,False,1,13.0,en,en,False,True,False,youtube,1280.0,720.0,1.7777777777777777,False,18,3
travel Shorts13,17.449671437056463,4,travel Shorts,13,core,v0.3.1,2025-11-12T04:41:21.987577+00:00,UCuGCaVs7aICZP4TP52spAtw,Travel Official,@travel.oficiall,US,2024-02-14T08:48:32.692625Z,175.0,177000.0,487.0,False,636.8283483212036,38,0,1,True,True,False,5,18.0,en,en,False,False,False,youtube,1280.0,720.0,1.7777777777777777,False,16,4
storytime Shorts1,14.456777429772181,9,storytime Shorts,1,trending,v0.3.1,2025-11-12T04:41:21.987577+00:00,UC80Z-cIOdR6upfnrPJ8Q00A,Thomas Sanders,@thomassanders,US,2009-03-15T20:50:46Z,0.0,4760000.0,686.0,False,6085.326805411771,67,0,1,True,True,False,3,8.0,en,en-US,False,True,False,youtube,1280.0,720.0,1.7777777777777777,False,19,3
challenge Shorts15,17.638347423318915,3,challenge Shorts,15,trending,v0.3.1,2025-11-12T04:41:21.987577+00:00,UC5QpO37_ZuSK9ENMkWKT4fg,COORG FAMILY EATS,@coorgfamilyeats8100,IN,2021-10-20T14:16:53.356049Z,221.0,212000.0,822.0,False,1483.600331383426,99,0,0,True,True,False,5,9.0,en,hi,False,True,False,youtube,1280.0,720.0,1.7777777777777777,False,21,4
random Shorts13,17.534861334739528,4,random Shorts,13,trending,v0.3.1,2025-11-12T04:41:21.987577+00:00,UCVVMMNVUwHbxljqi-xZ-jig,Triple Charm,@triplecharm,US,2019-05-07T02:57:11Z,84.0,13500000.0,1597.0,False,2381.0723493932524,45,0,3,True,True,False,1,11.0,en,en,False,True,False,youtube,1280.0,720.0,1.7777777777777777,False,13,3
random Shorts3,16.603643035187947,4,random Shorts,3,trending,v0.3.1,2025-11-12T04:41:21.987577+00:00,UCsDUx3IrrXQI0CbfKMxTCww,Gavin Magnus,@gavinmagnusofficial,US,2016-08-09T04:10:16Z,22.0,7120000.0,961.0,False,3382.021597078438,38,56,0,True,True,False,2,8.0,en-US,en,False,True,False,youtube,1280.0,720.0,1.7777777777777777,False,2,5
gaming Shorts3,18.87432601434362,1,gaming Shorts,3,core,v0.3.1,2025-11-12T04:41:21.987577+00:00,UC2gJotBXDcyOY-Ny6yDxtZg,Teddy P,@teddyp21,IE,2021-12-27T04:48:44.197319Z,88.0,1900000.0,148.0,False,1415.9948818316898,49,933,0,True,True,False,5,8.0,en,zxx,False,True,False,youtube,1280.0,720.0,1.7777777777777777,False,12,5
trending Shorts4,16.735375959560656,6,trending Shorts,4,trending,v0.3.1,2025-11-12T04:41:21.987577+00:00,UC2xVncJghTKzq4HvjzfIcOg,Abdieditt,@abdieditt,DE,2023-02-14T16:02:39.688077Z,40.0,599000.0,705.0,False,1001.5268784664352,97,0,2,True,True,False,9,11.0,en,hi,False,True,False,youtube,1280.0,720.0,1.7777777777777777,False,9,3
reaction Shorts8,13.858551848025396,7,reaction Shorts,8,trending,v0.3.1,2025-11-12T04:41:21.987577+00:00,UClMOeZLN2RrS7DyJOsW23_w,PaulBeast's,@paultp1,IT,2020-02-05T22:09:31.101402Z,531.0,135000.0,296.0,False,2106.2721167381364,66,67,0,True,True,False,8,59.0,en,en,False,True,False,youtube,1280.0,720.0,1.7777777777777777,False,17,6
recipe Shorts3,16.64768754165514,0,recipe Shorts,3,core,v0.3.1,2025-11-12T04:41:21.987577+00:00,UCkcAmZlp3bOZmivk6VWftTg,Crispy Hut,@crispyhut,IN,2021-06-04T08:33:07.999802Z,553.0,3470000.0,734.0,False,1621.8390507844329,27,136,2,True,True,False,7,37.0,en,en-GB,False,True,False,youtube,1280.0,720.0,1.7777777777777777,False,5,6
gaming Shorts10,15.825282570704703,6,gaming Shorts,10,core,v0.3.1,2025-11-12T04:41:21.987577+00:00,UC6X4REecQPGefhdGfOVg-oQ,SonarFN,@sonarfnonyt,US,2015-04-23T23:47:25Z,340.0,38700.0,1174.0,False,3855.20413180066,36,0,1,True,True,False,2,11.0,en-US,en-US,False,True,False,youtube,1280.0,720.0,1.7777777777777777,False,23,1
reaction Shorts5,18.676009610250222,6,reaction Shorts,5,trending,v0.3.1,2025-11-12T04:41:21.987577+00:00,UCxxj0kftzTbSo73914LKlXw,Tom React,@tomreact-01,,2025-06-05T06:48:09.8319Z,46.0,327000.0,157.0,False,159.91194624626158,77,214,0,True,False,False,8,22.0,en,en,False,True,False,youtube,1280.0,720.0,1.7777777777777777,False,13,1
trending Shorts15,14.601291157179622,1,trending Shorts,15,trending,v0.3.1,2025-11-12T04:41:21.987577+00:00,UC7lYefsdDK-EXeZFtctdwfg,Short Trends,@shortwithtrends,,2023-12-31T15:32:52.448907Z,332.0,73400.0,171.0,False,681.5475641049769,76,0,2,True,True,False,6,12.0,en,en,False,False,False,youtube,1280.0,720.0,1.7777777777777777,False,13,2
educational Shorts1,19.7990781157697,4,educational Shorts,1,core,v0.3.1,2025-11-12T04:41:21.987577+00:00,UCPjyJfdcoNbZ0wTfyaC0S3w,Moonbug Kids - Learning #Shorts,@moonbugkidslearningshorts,,2023-02-03T19:08:27.009402Z,691.0,857000.0,574.0,False,1012.397858543692,56,534,1,True,True,False,10,11.0,en,en-US,False,True,True,youtube,1280.0,720.0,1.7777777777777777,False,14,4
challenge Shorts18,17.37761426290678,5,challenge Shorts,18,trending,v0.3.1,2025-11-12T04:41:21.987577+00:00,UCzsNLZ9GrGXRjt0QmvWFm2Q,Chattambees,@chattambees,IN,2020-07-23T05:59:40.606942Z,463.0,6150000.0,1138.0,False,1937.9456178314235,36,0,2,True,True,False,2,37.0,en,ml,False,True,False,youtube,1280.0,720.0,1.7777777777777777,False,13,0
challenge Shorts19,16.2195499171481,0,challenge Shorts,19,trending,v0.3.1,2025-11-12T04:41:21.987577+00:00,UC2ViPu8EVMP8Eo1Ob7yWEkg,NRFM-VLOGS,@nrfmvlogs,IN,2021-02-26T14:12:35.629333Z,837.0,12100000.0,2049.0,False,1719.6033143315278,91,59,2,True,True,False,13,59.0,en-IN,ta,False,True,False,youtube,1280.0,720.0,1.7777777777777777,False,11,5
sports Shorts10,14.302143893956556,3,sports Shorts,10,core,v0.3.1,2025-11-12T04:41:21.987577+00:00,UCX29yx85r-s_RrMEM99Q1Ag,Keeperstop - Goalkeeper Glove Experts,@keeperstop,US,2009-02-04T20:23:18Z,993.0,52000.0,2171.0,False,6124.345879485845,34,514,8,True,True,False,11,8.0,en,en-US,False,False,False,youtube,1280.0,720.0,1.7777777777777777,False,21,4
trending Shorts8,16.031203648661428,8,trending Shorts,8,trending,v0.3.1,2025-11-12T04:41:21.987577+00:00,UCdnJJrDUl-y_ryelLMslxkQ,Brat TV,@brat,US,2017-03-01T17:14:48Z,916.0,5480000.0,1783.0,False,3177.476782263623,44,0,1,True,True,False,3,15.0,en,en,False,True,False,youtube,1280.0,720.0,1.7777777777777777,False,19,2
reaction Shorts4,16.254973089322835,1,reaction Shorts,4,trending,v0.3.1,2025-11-12T04:41:21.987577+00:00,UC2fsEodmNb3GBe71JUh6u8w,Starkid ,@starkidftw,IN,2015-09-07T17:50:27Z,93.0,151000.0,682.0,False,3718.4520253191786,63,0,0,True,True,False,5,15.0,en,en,False,True,False,youtube,1280.0,720.0,1.7777777777777777,False,4,1
remix Shorts17,15.278523338197358,6,remix Shorts,17,trending,v0.3.1,2025-11-12T04:41:21.987577+00:00,UCoYu2szPa2OKg_1TCdQHpFg,Junpei Zaki,@junpeizaki,AU,2017-01-31T12:43:53Z,115.0,5230000.0,2812.0,False,3206.664918837697,40,400,5,True,True,False,3,15.0,en,en-US,False,True,False,youtube,1280.0,720.0,1.7777777777777777,False,1,0
gaming Shorts11,19.183701109742728,1,gaming Shorts,11,core,v0.3.1,2025-11-12T04:41:21.987577+00:00,UC6QZ_ss3i_8qLV_RczPZBkw,ISSEI / „ÅÑ„Å£„Åõ„ÅÑ,@issei0806,JP,2014-07-23T08:12:29Z,364.0,69100000.0,4149.0,False,4129.853391059919,17,344,1,True,True,False,16,15.0,en,en,False,True,False,youtube,1280.0,720.0,1.7777777777777777,False,13,0
remix Shorts15,15.65199782412594,1,remix Shorts,15,trending,v0.3.1,2025-11-12T04:41:21.987577+00:00,UCxzF4mW_RXYpfYZz49FiA4w,ROCK VENKY,@rockvenky99,,2019-12-08T05:10:52.166814Z,50.0,29800.0,127.0,False,2165.9795118143866,59,59,0,True,True,False,6,8.0,en,te,False,False,False,youtube,1280.0,720.0,1.7777777777777777,False,14,5
gaming Shorts13,16.80155692420211,4,gaming Shorts,13,core,v0.3.1,2025-11-12T04:41:21.987577+00:00,UCHRgGoDEDXppl8j0BvhFuGg,Rohit Gaming,@rohitgaming7879,IN,2022-11-03T04:00:18.694228Z,372.0,574000.0,2237.0,False,1105.0285103396875,53,0,2,True,True,False,5,20.0,en-IN,hi,False,True,False,youtube,1280.0,720.0,1.7777777777777777,False,2,4
reaction Shorts6,20.77913447994498,1,reaction Shorts,6,trending,v0.3.1,2025-11-12T04:41:21.987577+00:00,UCqQo7ewe87aYAe7ub5UqXMw,House of Highlights,@houseofhighlights,US,2018-01-23T19:32:41Z,43.0,17500000.0,3853.0,False,2849.381029948808,23,273,6,True,True,False,3,7.0,en,en,False,True,False,youtube,1280.0,720.0,1.7777777777777777,False,21,4
trending Shorts16,13.591789339832712,9,trending Shorts,16,trending,v0.3.1,2025-11-12T04:41:21.987577+00:00,UC9CVDlWqqKffGUaYUrqZdVQ,Let‚Äôs Style It,@letsstyleit616,IN,2022-05-31T03:23:36.347129Z,774.0,270000.0,216.0,False,1261.0540004681482,96,539,1,True,True,False,7,13.0,en-IN,en-IN,False,False,False,youtube,1280.0,720.0,1.7777777777777777,False,10,4
sports Shorts12,18.352820883936865,8,sports Shorts,12,core,v0.3.1,2025-11-12T04:41:21.987577+00:00,UCQk7fWv15ChjMJLCRVmtApw,World Athletics,@worldathletics,MC,2010-03-05T14:12:33Z,209.0,2380000.0,7927.0,False,5730.603344763623,33,0,0,True,True,True,1,12.0,en,en,False,True,False,youtube,1280.0,720.0,1.7777777777777777,False,14,6
educational Shorts2,14.388273259546466,7,educational Shorts,2,core,v0.3.1,2025-11-12T04:41:21.987577+00:00,UCDom90xOqP4avehFjSJO6NA,Sick Science!,@sickscience,US,2007-06-14T13:33:50Z,994.0,2270000.0,903.0,False,6725.630231337696,30,957,0,False,False,False,0,11.0,en,en,False,True,False,youtube,1280.0,720.0,1.7777777777777777,False,19,2
educational Shorts3,17.916710617473754,4,educational Shorts,3,core,v0.3.1,2025-11-12T04:41:21.987577+00:00,UC5pYQtGokBu6mdHLnYSPzCg,Cute baby shorts,@kidsshorts,US,2021-05-23T21:30:45.31192Z,204.0,844000.0,17612.0,False,1633.299035597882,51,577,0,True,True,False,1,5.0,en,en,False,True,False,youtube,1280.0,720.0,1.7777777777777777,False,11,1
tech Shorts13,16.938124878662585,0,tech Shorts,13,core,v0.3.1,2025-11-12T04:41:21.987577+00:00,UCglXlpWjIi95auM3umWWLdw,Tech Master Shorts,@techmastershort,IN,2021-07-24T13:30:30.530446Z,265.0,25500000.0,1377.0,False,1571.6325400130902,62,751,4,True,True,False,7,64.0,en,hi,False,True,False,youtube,1280.0,720.0,1.7777777777777777,False,12,2
sports Shorts13,16.567191732708313,9,sports Shorts,13,core,v0.3.1,2025-11-12T04:41:21.987577+00:00,UC8g-llLFayB_KSia7s0xjAA,SportsBible,@sportsbiblee,US,2024-08-20T19:00:34.919086Z,43.0,17600.0,41.0,False,448.4033225519792,18,134,1,True,True,True,3,57.0,en,en,False,False,False,youtube,1280.0,720.0,1.7777777777777777,False,13,5
trending Shorts17,16.58037357615772,8,trending Shorts,17,trending,v0.3.1,2025-11-12T04:41:21.987577+00:00,UCuAJ0ewzavRYzZfDpWM7WSw,diyafavas_official,@diyafavas_official,IN,2016-11-08T16:19:39Z,745.0,6410000.0,1061.0,False,3290.515080874734,97,0,2,True,True,False,8,24.0,ml,ml,False,True,False,youtube,1280.0,720.0,1.7777777777777777,False,11,6
reaction Shorts7,17.760580024248796,9,reaction Shorts,7,trending,v0.3.1,2025-11-12T04:41:21.987577+00:00,UCxbQA7DuZBTDrn94LagfHhg,Tom Memes Reacts,@tommemesreacts,PK,2025-07-13T15:19:33.414069Z,990.0,327000.0,401.0,False,121.55681219337964,77,239,2,True,False,False,10,26.0,en,en,False,False,False,youtube,1280.0,720.0,1.7777777777777777,False,1,5
reaction Shorts15,17.257469548323495,6,reaction Shorts,15,trending,v0.3.1,2025-11-12T04:41:21.987577+00:00,UCSGbU1332vjRXHaKYEN0XeA,Danya,@danyareacts,US,2024-03-08T20:53:05.05866Z,54.0,4110000.0,1977.0,False,613.3251959365393,54,0,1,True,True,False,4,61.0,en,en,False,True,False,youtube,1280.0,720.0,1.7777777777777777,False,15,2
remix Shorts14,13.318428392073718,7,remix Shorts,14,trending,v0.3.1,2025-11-12T04:41:21.987577+00:00,UCVxR8M2OeHf4BdKzzzpz83A,Saksham Magic,@sakshammagic,AU,2015-02-08T02:38:01Z,924.0,5750000.0,2271.0,False,3930.0856595784376,52,0,0,True,True,False,2,30.0,en,en,False,True,False,youtube,640.0,480.0,1.3333333333333333,False,6,1
remix Shorts10,15.355925027015536,8,remix Shorts,10,trending,v0.3.1,2025-11-12T04:41:21.987577+00:00,UCoVTaK5E92L71wURtvVYkng,@1SHXEDIT,@1shxedit_19,,2024-05-30T14:39:34.089816Z,52.0,105000.0,173.0,False,530.5845821500116,52,0,2,True,True,False,3,19.0,en,pa,False,False,False,youtube,1280.0,720.0,1.7777777777777777,False,3,5
reaction Shorts11,17.462279766243444,1,reaction Shorts,11,trending,v0.3.1,2025-11-12T04:41:21.987577+00:00,UCJRMeIB9t_yn8sWad71jlJA,ON CAMERA,@on_camera,IN,2023-04-02T14:38:51.03068Z,107.0,212000.0,78.0,False,954.5850805196412,40,20,1,True,True,False,7,10.0,en,en,False,True,False,youtube,1280.0,720.0,1.7777777777777777,False,21,0
reaction Shorts3,17.645715188487856,8,reaction Shorts,3,trending,v0.3.1,2025-11-12T04:41:21.987577+00:00,UCgOjLy9aHn5zyhcnY-pUY7w,LouisAyy,@itslouisayy,GB,2023-12-02T13:34:00.811837Z,69.0,1910000.0,138.0,False,710.6301062006945,94,137,0,True,True,False,14,115.0,en,en,False,True,False,youtube,1280.0,720.0,1.7777777777777777,False,17,6
recipe Shorts8,16.868140989272312,0,recipe Shorts,8,core,v0.3.1,2025-11-12T04:41:21.987577+00:00,UCwcLtMWTG3QnldoxR-3w4fw,Viraj Naik Recipes,@virajnaikrecipes,IN,2019-05-12T06:39:28Z,718.0,978000.0,1463.0,False,2375.9179859673263,70,0,0,True,True,False,2,33.0,hi,hi,False,True,False,youtube,1280.0,720.0,1.7777777777777777,False,11,2
sports Shorts17,11.856125022340867,5,sports Shorts,17,core,v0.3.1,2025-11-12T04:41:21.987577+00:00,UCUy2m-YDDqIeQxTut4FfBKQ,Two Minute Warning,@twominutewarningpod,US,2025-03-25T22:31:49.471418Z,145.0,5170.0,274.0,False,231.2566263444329,48,0,0,True,True,False,3,45.0,en,en,False,False,False,youtube,1280.0,720.0,1.7777777777777777,False,2,1
tech Shorts17,15.082165442557264,0,tech Shorts,17,core,v0.3.1,2025-11-12T04:41:21.987577+00:00,UCnKhQkCUS1oCEvjuTfU4xIw,Tech Boss,@techbossindia,IN,2018-04-12T04:49:58Z,773.0,4940000.0,2049.0,False,2770.994027633993,50,286,2,True,True,False,2,47.0,ta,ta,False,True,False,youtube,1280.0,720.0,1.7777777777777777,False,14,1
gaming Shorts8,18.15798785149261,8,gaming Shorts,8,core,v0.3.1,2025-11-12T04:41:21.987577+00:00,UCsIiIEGRoBILi8LSkWNPqXA,Danucd,@danucd,LV,2013-10-26T17:35:25Z,735.0,720000.0,614.0,False,4399.462465133994,49,49,0,True,True,False,8,27.0,en,en-GB,False,True,False,youtube,1280.0,720.0,1.7777777777777777,False,11,5
travel Shorts9,18.167246244192977,6,travel Shorts,9,core,v0.3.1,2025-11-12T04:41:21.987577+00:00,UCEOhwzDpJQqhg6jdIhPE4CQ,Travel Backpackers,@travelbackpackers,IN,2021-06-01T13:05:53.844124Z,777.0,139000.0,1013.0,False,1624.649631289965,68,145,0,True,True,False,4,25.0,en,en,False,False,False,youtube,1280.0,720.0,1.7777777777777777,False,6,6
random Shorts8,16.973622403806274,4,random Shorts,8,trending,v0.3.1,2025-11-12T04:41:21.987577+00:00,UCuwJoiGWRxPYStBp0l0WuZw,Luke Davidson,@lukedavidson81,CA,2012-01-09T19:05:33Z,193.0,17700000.0,1790.0,False,5055.3998725414,40,40,0,True,True,False,2,16.0,en,en,False,True,False,youtube,1280.0,720.0,1.7777777777777777,False,16,1
travel Shorts19,17.80316147556614,3,travel Shorts,19,core,v0.3.1,2025-11-12T04:41:21.987577+00:00,UCGeGhS_akOxBWQcSmje6B-w,Tanya Khanijow,@tanyakhanijow,IN,2012-10-07T08:03:18Z,372.0,2150000.0,532.0,False,4783.859768374734,96,638,2,True,False,False,3,6.0,en,en-GB,False,True,False,youtube,1280.0,720.0,1.7777777777777777,False,11,4
educational Shorts7,19.66695307087615,4,educational Shorts,7,core,v0.3.1,2025-11-12T04:41:21.987577+00:00,UC5PYHgAzJ1wLEidB58SK6Xw,Blippi - Educational Videos for Kids,@blippi,US,2014-01-27T20:57:17Z,849.0,26600000.0,1651.0,False,4306.3222799488085,43,1943,0,True,True,False,1,11.0,en,en,False,True,True,youtube,1280.0,720.0,1.7777777777777777,False,20,2
travel Shorts18,17.523785620278844,4,travel Shorts,18,core,v0.3.1,2025-11-12T04:41:21.987577+00:00,UCXXvOMN_74Jad119ybNce8g,The Travel Shack,@thetravelshack,CA,2022-09-21T01:33:23.875226Z,79.0,577000.0,555.0,False,1148.1305337077663,72,1349,0,True,True,False,11,16.0,en,en,False,True,False,youtube,1280.0,720.0,1.7777777777777777,False,16,5
educational Shorts6,20.926585911067082,7,educational Shorts,6,core,v0.3.1,2025-11-12T04:41:21.987577+00:00,UC0rDDvHM7u_7aWgAojSXl1Q,DaveHax,@davehax,GB,2012-06-08T21:27:07Z,117.0,8570000.0,753.0,False,4904.301562356215,16,109,0,True,True,False,1,26.0,en-GB,en-GB,False,True,False,youtube,1280.0,720.0,1.7777777777777777,False,12,3
random Shorts9,18.85326765486723,6,random Shorts,9,trending,v0.3.1,2025-11-12T04:41:21.987577+00:00,UCSn-PqF7wU5gXJRpck4ZQIA,Peter Nguyen,@peternugget,,2018-12-16T14:39:21Z,52.0,3870000.0,337.0,False,2522.584733652512,61,0,2,True,True,False,4,38.0,en,en,False,True,False,youtube,1280.0,720.0,1.7777777777777777,False,3,1
random Shorts19,18.789984431562363,9,random Shorts,19,trending,v0.3.1,2025-11-12T04:41:21.987577+00:00,UC73sF-7Ihcs1HpnXEEXZ2ew,Brooke Monk,@brookemonk,US,2019-07-29T21:31:17Z,63.0,10000000.0,4202.0,False,2297.298668837697,77,335,0,True,True,False,7,6.0,en,en,False,True,False,youtube,1280.0,720.0,1.7777777777777777,False,16,3
travel Shorts8,12.966654150339716,0,travel Shorts,8,core,v0.3.1,2025-11-12T04:41:21.987577+00:00,UCt5yHefHIARtCvkgm0DBcsg,Richi Shah,@richishah18,IN,2019-10-17T10:16:02.80216Z,326.0,277000.0,167.0,False,2217.767583164549,96,0,0,True,True,False,4,11.0,en,hi,False,False,False,youtube,1280.0,720.0,1.7777777777777777,False,10,0
tech Shorts16,12.864706018058243,0,tech Shorts,16,core,v0.3.1,2025-11-12T04:41:21.987577+00:00,UCBbeXVY55K5estTHrKWJ5Yg,Tech FC Shorts,@techfcshorts,IN,2018-03-27T17:46:31Z,90.0,8350000.0,740.0,False,2786.45475680066,38,38,0,True,True,False,4,32.0,hi,hi,False,True,False,youtube,1280.0,720.0,1.7777777777777777,False,8,5
recipe Shorts9,16.87342548602999,0,recipe Shorts,9,core,v0.3.1,2025-11-12T04:41:21.987577+00:00,UCB2AZPziK_jB1pWt7C0hd1Q,Foodies Corner,@yourfoodiescorner,,2025-06-02T08:23:36.501533Z,321.0,67500.0,161.0,False,162.84566534773148,72,648,4,True,True,False,25,16.0,en,hi,False,True,False,youtube,1280.0,720.0,1.7777777777777777,False,9,6
reaction Shorts10,18.35424908262186,6,reaction Shorts,10,trending,v0.3.1,2025-11-12T04:41:21.987577+00:00,UCxxj0kftzTbSo73914LKlXw,Tom React,@tomreact-01,,2025-06-05T06:48:09.8319Z,46.0,327000.0,157.0,False,159.91194624626158,81,217,0,True,False,False,8,24.0,en,en,False,True,False,youtube,1280.0,720.0,1.7777777777777777,False,14,2
gaming Shorts17,19.582689351693553,1,gaming Shorts,17,core,v0.3.1,2025-11-12T04:41:21.987577+00:00,UCkHHRGuPLTSTbZTt-2TGB9Q,BabyDuck,@babyduck.,VN,2023-02-01T14:59:48.584378Z,23.0,6890000.0,362.0,False,1014.5705254999884,49,0,1,True,True,False,3,12.0,en,zxx,False,True,False,youtube,1280.0,720.0,1.7777777777777777,False,10,2
remix Shorts11,17.808276831769838,4,remix Shorts,11,trending,v0.3.1,2025-11-12T04:41:21.987577+00:00,UCSOfUqPoqpp5aWDDnAyv94g,JVKE,@jvke,US,2017-02-13T23:11:41Z,12.0,13300000.0,707.0,False,3193.228946615475,23,110,2,True,True,False,1,30.0,en,en,False,True,False,youtube,1280.0,720.0,1.7777777777777777,False,23,2
funny Shorts8,15.673488854574325,3,funny Shorts,8,core,v0.3.1,2025-11-12T04:41:21.987577+00:00,UCa9f047WAoxn0jCotGedb-Q,RanKing,@rankingslove,PL,2017-04-23T14:56:47Z,1000.0,139000.0,154.0,False,3124.5726271710305,28,426,6,True,False,False,1,45.0,en,en,False,True,False,youtube,1280.0,720.0,1.7777777777777777,False,22,6
gaming Shorts15,16.303645574297942,6,gaming Shorts,15,core,v0.3.1,2025-11-12T04:41:21.987577+00:00,UChWY3HddivlKeOLHEVyb1tw,Rickster2344,@rickster2344,,2010-04-23T22:41:42Z,110.0,1510000.0,1574.0,False,5681.249768374734,48,0,0,True,True,False,1,16.0,en,en,False,True,False,youtube,1280.0,720.0,1.7777777777777777,False,17,2
sports Shorts14,17.954076801218015,8,sports Shorts,14,core,v0.3.1,2025-11-12T04:41:21.987577+00:00,UCX5qMbq8Y9h9TOdFhKUhkrw,MaxPreps,@maxpreps,US,2007-10-05T18:59:56Z,52.0,3440000.0,14841.0,False,6612.403773004363,29,115,1,True,True,False,10,11.0,en,en,False,True,False,youtube,1280.0,720.0,1.7777777777777777,False,17,1
trending Shorts10,19.234578171417883,4,trending Shorts,10,trending,v0.3.1,2025-11-12T04:41:21.987577+00:00,UCga6uMv6x1mMOwolhD9cXAA,The Savage Siblings,@thesavagesiblings,IN,2013-08-23T10:14:08Z,241.0,21500000.0,1311.0,False,4463.768911893252,57,0,1,True,True,False,3,12.0,en,hi,False,True,False,youtube,1280.0,720.0,1.7777777777777777,False,14,6
tech Shorts14,15.769955326183265,0,tech Shorts,14,core,v0.3.1,2025-11-12T04:41:21.987577+00:00,UCglXlpWjIi95auM3umWWLdw,Tech Master Shorts,@techmastershort,IN,2021-07-24T13:30:30.530446Z,265.0,25500000.0,1377.0,False,1571.6325400130902,44,679,4,True,True,False,3,60.0,en,hi,False,True,False,youtube,1280.0,720.0,1.7777777777777777,False,9,3
educational Shorts4,18.065225427394275,4,educational Shorts,4,core,v0.3.1,2025-11-12T04:41:21.987577+00:00,UCAhmV5YafKX9UtmYfVhEEUA,Ospen4iki,@ospen4iki,LV,2014-05-19T05:02:50Z,27.0,5050000.0,3087.0,False,4194.985092448808,27,253,1,True,True,False,4,5.0,en,ru,False,True,False,youtube,1280.0,720.0,1.7777777777777777,False,15,3
educational Shorts5,15.355743504992526,6,educational Shorts,5,core,v0.3.1,2025-11-12T04:41:21.987577+00:00,UC50vBAtklUoJF1Wx5q0pmuw,Maya and Mary,@mayaandmary,US,2013-08-30T18:47:57Z,580.0,26700000.0,761.0,False,4456.412094763623,88,266,4,True,True,False,1,20.0,en,en,False,True,True,youtube,1280.0,720.0,1.7777777777777777,False,12,1
storytime Shorts9,15.742734487736579,2,storytime Shorts,9,trending,v0.3.1,2025-11-12T04:41:21.987577+00:00,UCa5zYvT9RgG839FhUaiAMzg,RandyReads,@randyreads1,IN,2023-01-07T17:51:30.32944Z,14.0,308000.0,1126.0,False,1039.4512923395484,47,0,0,True,True,False,1,179.0,en,en,False,True,False,youtube,1280.0,720.0,1.7777777777777777,False,16,1
reaction Shorts1,19.932214036330727,3,reaction Shorts,1,trending,v0.3.1,2025-11-12T04:41:21.987577+00:00,UCkLNHZZsC3LKdUAroKNwOOw,CuRe Íµ¨Îûò,@cure0721,KR,2021-06-22T09:38:09.32677Z,37.0,31900000.0,858.0,False,1603.793896537118,44,38,2,True,True,False,7,35.0,en,en,False,True,False,youtube,1280.0,720.0,1.7777777777777777,False,11,5
gaming Shorts14,19.326468249554846,1,gaming Shorts,14,core,v0.3.1,2025-11-12T04:41:21.987577+00:00,UC2gJotBXDcyOY-Ny6yDxtZg,Teddy P,@teddyp21,IE,2021-12-27T04:48:44.197319Z,88.0,1900000.0,148.0,False,1415.9948818316898,43,801,0,True,True,False,5,8.0,en,zxx,False,True,False,youtube,1280.0,720.0,1.7777777777777777,False,19,2
viral Shorts19,16.56722134497147,8,viral Shorts,19,trending,v0.3.1,2025-11-12T04:41:21.987577+00:00,UClBidZ3L6KW2cYOoh4-xEuQ,Misti Happy Lifestyle Games & Shorts,@mistihappylifestyle,IN,2023-04-09T18:01:19.890094Z,24.0,24400000.0,5374.0,False,947.444468720868,58,58,8,True,True,False,8,7.0,en-IN,hi,False,True,False,youtube,1280.0,720.0,1.7777777777777777,False,14,0
meme Shorts1,16.96792037328204,7,meme Shorts,1,trending,v0.3.1,2025-11-12T04:41:21.987577+00:00,UChFs0d8syPIK6x8q4C6BrJw,Nutshell Animations,@nutshellanimations,CA,2018-06-18T07:43:25Z,55.0,10600000.0,3804.0,False,2703.873576245104,46,0,1,True,True,False,1,6.0,en,en,False,True,False,youtube,1280.0,720.0,1.7777777777777777,False,20,3
viral Shorts3,18.11644912001102,1,viral Shorts,3,trending,v0.3.1,2025-11-12T04:41:21.987577+00:00,UCsiMxHAf0sS4VzwOy9P0lvA,Kate Brush,@katebrush,US,2019-09-23T10:26:39Z,169.0,12800000.0,4258.0,False,2241.7602197636224,68,0,0,True,False,False,4,5.0,en,en,False,True,False,youtube,1280.0,720.0,1.7777777777777777,False,11,6
educational Shorts10,16.780069915796165,4,educational Shorts,10,core,v0.3.1,2025-11-12T04:41:21.987577+00:00,UC_yMEw85qUnz8H74DGCPZFA,Emily's Playhouse - Learning Videos for Kids,@emilysplayhouse-learningvideos,US,2023-08-04T11:46:12.033419Z,588.0,6540000.0,1099.0,False,830.7049763212731,79,516,2,True,True,False,8,20.0,en,en,False,True,True,youtube,1280.0,720.0,1.7777777777777777,False,13,1
fashion Shorts18,15.17197334964503,7,fashion Shorts,18,core,v0.3.1,2025-11-12T04:41:21.987577+00:00,UCwTwiQHMP3jruEkkb5uaI6A,Aesthetic_ways,@aka_aestheticways,,2023-12-24T06:01:11.574516Z,48.0,8740.0,14.0,False,688.9445649659838,89,0,0,True,True,False,6,20.0,en,en,False,False,False,youtube,1280.0,720.0,1.7777777777777777,False,6,1
motivational Shorts15,14.711930772237755,1,motivational Shorts,15,core,v0.3.1,2025-11-12T04:41:21.987577+00:00,UCzzjOsfeNiNMHzl4NSsYpAA,Xplicit Motivation,@xplicitmotivation,IN,2022-11-30T18:33:50.259409Z,993.0,192000.0,1252.0,False,1077.4218950019444,93,244,8,True,True,False,8,22.0,en-US,en,False,True,False,youtube,1280.0,720.0,1.7777777777777777,False,1,4
sports Shorts1,17.204558364874927,5,sports Shorts,1,core,v0.3.1,2025-11-12T04:41:21.987577+00:00,UCWNsOtiXIKX5TREelnEsviw,Banana Ball,@officialbananaball,US,2023-09-26T15:48:16.056312Z,888.0,308000.0,1448.0,False,777.536874204456,98,0,0,True,True,False,6,10.0,en,en,False,True,False,youtube,1280.0,720.0,1.7777777777777777,False,21,4
educational Shorts11,18.68137174776125,3,educational Shorts,11,core,v0.3.1,2025-11-12T04:41:21.987577+00:00,UCQmGVTv6IFJa_XRUw2PmLjQ,JILANA IN USA,@jilanainusa,US,2008-07-12T21:34:28Z,994.0,567000.0,74603.0,False,6331.2964581895485,80,1548,24,True,True,False,16,7.0,en,en,False,True,False,youtube,1280.0,720.0,1.7777777777777777,False,23,6
motivational Shorts6,17.10651807772181,6,motivational Shorts,6,core,v0.3.1,2025-11-12T04:41:21.987577+00:00,UCy2vByAZhHucf8wV1Lr8hKw,BoltMotivation,@boltmotivationyt,CA,2023-06-03T12:46:26.690448Z,302.0,2410000.0,442.0,False,892.6631400130672,25,305,0,True,False,False,5,9.0,en,en,False,True,False,youtube,1280.0,720.0,1.7777777777777777,False,2,6
viral Shorts2,19.586856218593965,9,viral Shorts,2,trending,v0.3.1,2025-11-12T04:41:21.987577+00:00,UCQOidFKQBMvLXk7PxGBXWyA,The Gabriels,@evaandjavier,,2022-02-15T03:44:13.977138Z,70.0,3370000.0,555.0,False,1366.0396760467477,52,0,0,True,True,False,5,10.0,en,en,False,True,False,youtube,1280.0,720.0,1.7777777777777777,False,14,5
storytime Shorts11,14.629504520557445,6,storytime Shorts,11,trending,v0.3.1,2025-11-12T04:41:21.987577+00:00,UC5fS3NasAtjf6I6jvPg8T3g,Beary Stories,@bearyreads,US,2024-07-10T22:38:43.334331Z,8.0,235000.0,1207.0,False,489.2518362644213,25,60,0,True,True,False,2,179.0,en,en,False,True,False,youtube,1280.0,720.0,1.7777777777777777,False,6,2
meme Shorts2,18.021139902670164,9,meme Shorts,2,trending,v0.3.1,2025-11-12T04:41:21.987577+00:00,UCuHvKRvLtJk7Rz1Ga4vk_oQ,Chris Colditz,@chriscolditz,US,2007-09-14T20:44:24Z,99.0,9640000.0,470.0,False,6633.331226708066,38,426,1,False,False,False,0,30.0,en,en,False,True,False,youtube,1280.0,720.0,1.7777777777777777,False,17,4
motivational Shorts4,16.18516992311007,4,motivational Shorts,4,core,v0.3.1,2025-11-12T04:41:21.987577+00:00,UCgkKA7xEOoBQNpC5TJxPLiw,Ben Lionel Scott,@benlionelscott,AU,2013-01-30T11:04:06Z,320.0,3400000.0,579.0,False,4668.7342128191785,38,7,0,True,True,False,1,21.0,en,en,False,True,False,youtube,1280.0,720.0,1.7777777777777777,False,13,2
educational Shorts13,22.06903596676226,4,educational Shorts,13,core,v0.3.1,2025-11-12T04:41:21.987577+00:00,UCMEVZK5J38upc4XiRO3sqWQ,NuNu Tv - Nursery Rhymes ,@nunutvnurseryrhymes,US,2019-06-14T13:43:47Z,454.0,26000000.0,687.0,False,2342.6233216154747,100,1925,0,True,False,False,19,11.0,en-US,en-US,False,True,True,youtube,1280.0,720.0,1.7777777777777777,False,12,2
sports Shorts3,15.616127351690697,1,sports Shorts,3,core,v0.3.1,2025-11-12T04:41:21.987577+00:00,UCOtLEVhXeiOX8BLTsnv8XAw,Riddhi magic Girl,@riddhirajput-m3d,IN,2025-06-17T07:23:48.111968Z,1000.0,109000.0,284.0,False,147.88719763436342,66,834,2,True,True,True,17,11.0,en,en,False,True,False,youtube,1280.0,720.0,1.7777777777777777,False,2,3
fashion Shorts8,12.821976945240909,4,fashion Shorts,8,core,v0.3.1,2025-11-12T04:41:21.987577+00:00,UC8voJ9Sjb9tdf2jVByTKlFQ,Gabi‚Äôs Vintage,@gabis_vintage,,2020-11-09T02:41:10.271387Z,145.0,1150000.0,778.0,False,1829.0834689373844,54,0,1,False,False,False,0,23.0,en,en-US,False,True,False,youtube,1280.0,720.0,1.7777777777777777,False,20,2
fashion Shorts9,16.58620699095352,4,fashion Shorts,9,core,v0.3.1,2025-11-12T04:41:21.987577+00:00,UCo9RMALE8ELFhnHnDg7eA_w,BO BROWN,@bobrownn,NL,2017-03-21T09:53:12Z,896.0,2630000.0,1416.0,False,3157.783448930289,73,0,3,True,True,False,2,12.0,en-US,en-US,False,True,False,youtube,1280.0,720.0,1.7777777777777777,False,16,0
recipe Shorts18,19.070034577184035,3,recipe Shorts,18,core,v0.3.1,2025-11-12T04:41:21.987577+00:00,UCovfq4h24UvKIju6kqqNu4A,Great Indian Asmr,@greatindianasmr,IN,2020-09-21T13:19:15.890941Z,186.0,16600000.0,490.0,False,1877.6403483406943,30,0,0,True,True,False,1,49.0,en,en,False,True,False,youtube,1280.0,720.0,1.7777777777777777,False,12,2
ai Shorts4,14.261624845661053,9,ai Shorts,4,trending,v0.3.1,2025-11-12T04:41:21.987577+00:00,UCkuzsceToqRHJ9R-vtM91QA,PaltekRanking,@palteksranking,US,2020-10-30T07:35:31.034198Z,438.0,258000.0,145.0,False,1838.879061960405,35,62,2,True,True,False,3,37.0,en,zxx,False,True,False,youtube,1280.0,720.0,1.7777777777777777,False,13,6
sports Shorts2,17.858638840376983,1,sports Shorts,2,core,v0.3.1,2025-11-12T04:41:21.987577+00:00,UCMz6Fjq_SZJWrd103GjtcWw,Bugworkout,@bugworkout,,2021-04-12T16:29:41.381319Z,193.0,9190000.0,974.0,False,1674.5081088687268,32,14,2,True,True,False,1,15.0,en,en,False,True,False,youtube,1280.0,720.0,1.7777777777777777,False,8,4
viral Shorts1,17.763642266183727,3,viral Shorts,1,trending,v0.3.1,2025-11-12T04:41:21.987577+00:00,UCUnmH8N8k4E7y3dKfCzDKKg,Brandon B,@heybrandonb,GB,2011-01-13T17:45:26Z,164.0,16200000.0,867.0,False,5416.455509115474,50,605,5,True,True,False,11,11.0,en,en-GB,False,True,False,youtube,1280.0,720.0,1.7777777777777777,False,14,4
meme Shorts3,15.735791495242813,9,meme Shorts,3,trending,v0.3.1,2025-11-12T04:41:21.987577+00:00,UCaL97M6qiw62cPRxrX9D4VQ,Wadatmean,@wadatmean,,2025-02-26T10:03:33.102269Z,54.0,26000.0,74.0,False,258.7762602466204,13,773,2,True,True,False,4,60.0,en,en,False,True,False,youtube,1280.0,720.0,1.7777777777777777,False,20,0
storytime Shorts12,12.213410656353517,2,storytime Shorts,12,trending,v0.3.1,2025-11-12T04:41:21.987577+00:00,UCe0ZopoSjVM3Z1xLpLjTlEw,Storie Rat,@truereddit-read,US,2024-05-08T18:19:21.036936Z,81.0,1600.0,342.0,False,552.4319554472338,93,1620,0,True,True,False,39,20.0,en,en,False,False,False,youtube,1280.0,720.0,1.7777777777777777,False,16,2
storytime Shorts16,13.068700963077553,2,storytime Shorts,16,trending,v0.3.1,2025-11-12T04:41:21.987577+00:00,UC6kRjHyMXZFgLKeHyHRAxsQ,Robin story ,@robinstoris,US,2021-12-19T05:46:06.349271Z,9.0,97300.0,436.0,False,1423.9550421100232,55,53,0,True,True,False,5,124.0,en-US,en-US,False,True,False,youtube,1280.0,720.0,1.7777777777777777,False,2,6
meme Shorts7,17.57972174049384,0,meme Shorts,7,trending,v0.3.1,2025-11-12T04:41:21.987577+00:00,UCEOD_zqBfJ474oqT7OeUMVw,Memeorphosis,@memeorphosis,,2025-06-12T21:25:13.181137Z,65.0,61300.0,40.0,False,152.30287970416666,51,964,2,True,True,True,11,28.0,en,en,False,True,False,youtube,1280.0,720.0,1.7777777777777777,False,0,0
viral Shorts5,16.925902148998624,7,viral Shorts,5,trending,v0.3.1,2025-11-12T04:41:21.987577+00:00,UCp4alsDXrn3_DoTdTwIQDjA,Wonderful Women ,@wonderfulwomen8,US,2025-06-20T07:28:28.621931Z,595.0,14700.0,107.0,False,144.88395099127314,94,802,0,True,True,False,13,5.0,en-US,en-US,False,False,False,youtube,1280.0,720.0,1.7777777777777777,False,15,0
motivational Shorts1,14.905411344780266,8,motivational Shorts,1,core,v0.3.1,2025-11-12T04:41:21.987577+00:00,UCDepXzkz8fxUQsq3W03gqgA,Dominating Motivation,@dominatingmotivation,US,2022-12-02T05:05:32.553299Z,697.0,584000.0,860.0,False,1075.9832110448842,21,566,1,True,True,False,6,15.0,en,en,False,False,False,youtube,1280.0,720.0,1.7777777777777777,False,2,3
sports Shorts6,16.31126053910172,3,sports Shorts,6,core,v0.3.1,2025-11-12T04:41:21.987577+00:00,UCd_EkHbEutirFl_XSrg95kA,GD's Highlights,@gdshighlights,US,2015-11-06T19:08:06Z,42.0,7760000.0,7208.0,False,3658.3981017080673,18,344,6,True,True,False,1,8.0,en,en,False,True,False,youtube,1280.0,720.0,1.7777777777777777,False,19,0
educational Shorts16,19.999748327426172,6,educational Shorts,16,core,v0.3.1,2025-11-12T04:41:21.987577+00:00,UCe6n0z9UbsxYCS8P83f84tw,Sierra & Rhia FAM,@sierrarhiafam,CA,2020-02-04T22:38:51.813056Z,201.0,47100000.0,2956.0,False,2107.25173813103,60,0,0,True,True,False,1,26.0,en,zxx,False,True,True,youtube,1280.0,720.0,1.7777777777777777,False,7,2
recipe Shorts20,16.022809770858753,0,recipe Shorts,20,core,v0.3.1,2025-11-12T04:41:21.987577+00:00,UCB2AZPziK_jB1pWt7C0hd1Q,Foodies Corner,@yourfoodiescorner,,2025-06-02T08:23:36.501533Z,321.0,67500.0,161.0,False,162.84566534773148,86,804,3,True,True,False,21,19.0,en,hi,False,True,False,youtube,1280.0,720.0,1.7777777777777777,False,8,6
viral Shorts4,15.885448710147772,8,viral Shorts,4,trending,v0.3.1,2025-11-12T04:41:21.987577+00:00,UCDv5MGPqEPhcZ9n-oJ36-AA,TV Man Sho,@tvmansho,KR,2018-01-25T10:53:32Z,364.0,3040000.0,1564.0,False,2847.741550782141,46,532,6,True,True,False,10,11.0,en-US,en-US,False,True,False,youtube,1280.0,720.0,1.7777777777777777,False,12,4
meme Shorts6,17.085659139009117,9,meme Shorts,6,trending,v0.3.1,2025-11-12T04:41:21.987577+00:00,UChFs0d8syPIK6x8q4C6BrJw,Nutshell Animations,@nutshellanimations,CA,2018-06-18T07:43:25Z,55.0,10600000.0,3804.0,False,2703.873576245104,45,0,1,True,True,False,1,19.0,en,en,False,True,False,youtube,1280.0,720.0,1.7777777777777777,False,15,6
challenge Shorts9,16.335748877987413,0,challenge Shorts,9,trending,v0.3.1,2025-11-12T04:41:21.987577+00:00,UC2ViPu8EVMP8Eo1Ob7yWEkg,NRFM-VLOGS,@nrfmvlogs,IN,2021-02-26T14:12:35.629333Z,837.0,12100000.0,2049.0,False,1719.6033143315278,91,108,2,True,True,False,14,60.0,en-IN,ta,False,True,False,youtube,1280.0,720.0,1.7777777777777777,False,11,6
storytime Shorts15,13.345561327238912,2,storytime Shorts,15,trending,v0.3.1,2025-11-12T04:41:21.987577+00:00,UCUIBNaiOKyRdiDnaNvjLSow,RedditHellen,@reddithellen-j1c,US,2024-11-15T05:51:40.111608Z,156.0,4930.0,644.0,False,361.9511791200116,74,0,0,True,False,False,3,58.0,en-US,en-US,False,False,False,youtube,1280.0,720.0,1.7777777777777777,False,19,5
meme Shorts4,16.964534270875564,9,meme Shorts,4,trending,v0.3.1,2025-11-12T04:41:21.987577+00:00,UCDCLw9qHo5A6HrIcuOvA6Hw,BRANDOMEMES,@brandomemes,US,2019-10-15T00:19:08.038183Z,96.0,963000.0,213.0,False,2220.182105895764,53,0,0,True,True,False,3,17.0,en,en,False,True,False,youtube,1280.0,720.0,1.7777777777777777,False,1,0
viral Shorts6,19.347858476778146,9,viral Shorts,6,trending,v0.3.1,2025-11-12T04:41:21.987577+00:00,UC6QZ_ss3i_8qLV_RczPZBkw,ISSEI / „ÅÑ„Å£„Åõ„ÅÑ,@issei0806,JP,2014-07-23T08:12:29Z,364.0,69100000.0,4149.0,False,4129.853391059919,40,104,3,True,True,False,12,14.0,en,ja,False,True,False,youtube,1280.0,720.0,1.7777777777777777,False,10,4
remix Shorts9,17.691317735844965,6,remix Shorts,9,trending,v0.3.1,2025-11-12T04:41:21.987577+00:00,UC6QZ_ss3i_8qLV_RczPZBkw,ISSEI / „ÅÑ„Å£„Åõ„ÅÑ,@issei0806,JP,2014-07-23T08:12:29Z,364.0,69100000.0,4149.0,False,4129.853391059919,36,323,3,True,True,False,13,24.0,en,zxx,False,True,False,youtube,1280.0,720.0,1.7777777777777777,False,11,3
motivational Shorts2,16.231424693408115,6,motivational Shorts,2,core,v0.3.1,2025-11-12T04:41:21.987577+00:00,UCUIJFgCAtnQc-zgTl9oyBlw,Motivate_me,@motivate_meofficial,US,2023-05-27T07:50:32.751859Z,496.0,218000.0,327.0,False,899.8686254134027,84,2054,2,True,True,False,29,20.0,en,en,False,True,False,youtube,1280.0,720.0,1.7777777777777777,False,15,2
motivational Shorts11,15.668517043516406,1,motivational Shorts,11,core,v0.3.1,2025-11-12T04:41:21.987577+00:00,UCs9V-Bu_SzIgwUIa2z3szLA,Motivational World,@motivational_world533,,2023-09-25T15:53:35.707373Z,224.0,42000.0,87.0,False,778.5331745393981,55,77,3,True,True,False,12,21.0,en,en,False,False,False,youtube,1280.0,720.0,1.7777777777777777,False,15,3
ai Shorts3,18.480123924612545,1,ai Shorts,3,trending,v0.3.1,2025-11-12T04:41:21.987577+00:00,UCMBtiOXI6uAmd5bbuPGuPPw,Fleshcore AI,@mr_ai_creatorr,,2025-02-23T16:25:53.401329Z,635.0,57700.0,550.0,False,261.5107475260185,84,1673,11,True,False,False,25,10.0,en-US,en-US,False,True,False,youtube,1280.0,720.0,1.7777777777777777,False,14,1
meme Shorts18,17.51866368183885,9,meme Shorts,18,trending,v0.3.1,2025-11-12T04:41:21.987577+00:00,UC4b7LRyeMlfVm596Ww0Hf6w,Avenu Animations,@avenuanimations,US,2022-05-29T07:56:41.218977Z,297.0,2100000.0,398.0,False,1262.8643607476852,72,0,1,True,True,False,1,14.0,en,en,False,True,False,youtube,1280.0,720.0,1.7777777777777777,False,16,5
ai Shorts2,12.976113735343322,9,ai Shorts,2,trending,v0.3.1,2025-11-12T04:41:21.987577+00:00,UCRNoIMprJyki2M9dQyQKGLw,Bigfoot Feed,@bigfootfeed,CA,2017-08-31T21:31:11Z,736.0,49700.0,129.0,False,2994.298738282141,59,173,0,True,True,False,18,60.0,en,en,False,True,False,youtube,1280.0,720.0,1.7777777777777777,False,20,6
motivational Shorts10,18.28946029047844,1,motivational Shorts,10,core,v0.3.1,2025-11-12T04:41:21.987577+00:00,UC2Mu8NfOhmSQ5zAJ3bC7RPQ,BEAST GYM,@beast_gym,IN,2018-09-22T19:10:00Z,994.0,249000.0,303.0,False,2607.3967822636228,84,1534,9,True,True,False,50,10.0,en,en-GB,False,True,False,youtube,1280.0,720.0,1.7777777777777777,False,8,3
educational Shorts14,18.666679771598968,4,educational Shorts,14,core,v0.3.1,2025-11-12T04:41:21.987577+00:00,UC5PYHgAzJ1wLEidB58SK6Xw,Blippi - Educational Videos for Kids,@blippi,US,2014-01-27T20:57:17Z,849.0,26600000.0,1651.0,False,4306.3222799488085,57,2133,2,True,True,False,3,22.0,en,en,False,True,True,youtube,1280.0,720.0,1.7777777777777777,False,11,2
sports Shorts4,16.572653734526806,7,sports Shorts,4,core,v0.3.1,2025-11-12T04:41:21.987577+00:00,UCd_EkHbEutirFl_XSrg95kA,GD's Highlights,@gdshighlights,US,2015-11-06T19:08:06Z,42.0,7760000.0,7208.0,False,3658.3981017080673,49,344,5,True,True,False,1,16.0,en,en,False,True,False,youtube,1280.0,720.0,1.7777777777777777,False,22,3
remix Shorts8,18.257911288958052,5,remix Shorts,8,trending,v0.3.1,2025-11-12T04:41:21.987577+00:00,UCHxR8qFQcLv88tZelplJEbA,MIXDUP,@mixdup,IN,2021-07-10T14:41:57.773947Z,88.0,502000.0,152.0,False,1585.582919139236,81,170,2,True,True,False,6,13.0,en,en,False,True,False,youtube,1280.0,720.0,1.7777777777777777,False,6,5
viral Shorts7,15.758136749299593,9,viral Shorts,7,trending,v0.3.1,2025-11-12T04:41:21.987577+00:00,UCG7QMUfsWBm9q6xGfAP5o5A,"Md Sohad Shikh,",@mdsohadshikh,IN,2023-11-13T12:12:45.406268Z,998.0,66000.0,178.0,False,729.6865345058911,81,1065,2,True,True,True,27,18.0,en,hi,False,False,False,youtube,1280.0,720.0,1.7777777777777777,False,0,3
storytime Shorts14,14.405628392466799,8,storytime Shorts,14,trending,v0.3.1,2025-11-12T04:41:21.987577+00:00,UCk3p1ZLiD9uGdonGOAHLGbA,Limengyuan,@limengyuan22,US,2021-06-23T13:53:16.615896Z,371.0,17200.0,307.0,False,1602.6167288389006,61,0,1,True,True,False,3,99.0,en,en,False,True,False,youtube,1280.0,720.0,1.7777777777777777,False,13,0
